,index,Rk,Gtm,Date,Unnamed: 3,Opp,Rslt,IP,H,R,ER,UER,BB,SO,HR,HBP,ERA,BF,Pit,Str,IR,IS,SB,CS,AB,2B,3B,IBB,SH,SF,ROE,GDP,#,Umpire,Pitchers Used (Rest-GameScore-Dec)
0,0,1,1,Apr 8,@,DET,"L,4-5",8.2,8,5,5,0,4,11,1,2,5.19,39,157,92,5.0,3.0,0,0,33,1,1,0,0,0,0,0,6,Marvin Hudson,"L.Giolito (99-64), B.Sousa (99), K.Crick (99-H), K.Graveman (99-H), A.Bummer (99-H), L.Hendriks (99-BL)"
1,1,2,2,Apr 9,@,DET,"W,5-2",9.0,7,2,2,0,5,12,0,0,3.57,36,150,89,2.0,1.0,0,0,31,1,0,0,0,0,0,3,5,Adrian Johnson,"D.Cease (99-64-W), R.López (99), B.Sousa (0-H), J.Ruiz (99-H), A.Bummer (0-Sv)"
2,2,3,3,Apr 10,@,DET,"W,10-1",9.0,2,1,1,0,4,8,0,0,2.7,32,134,84,0.0,0.0,0,1,28,0,1,0,0,0,0,0,5,John Tumpane,"M.Kopech (99-55), K.Crick (1-W), M.Foster (99), K.Graveman (1), T.Banks (99)"
3,3,4,4,Apr 12,,SEA,"W,3-2",9.0,7,2,2,0,6,10,1,0,2.52,40,150,90,2.0,0.0,0,0,34,1,0,0,0,0,0,0,6,Phil Cuzzi,"V.Velasquez (99-53), B.Sousa (2), R.López (2-W), A.Bummer (2-H), K.Graveman (1-H), L.Hendriks (3-Sv)"
4,4,5,5,Apr 13,,SEA,"W,6-4",9.0,8,4,3,1,1,12,1,0,2.62,36,149,102,0.0,0.0,0,0,35,2,0,0,0,0,0,0,5,Cory Blaser,"D.Keuchel (99-48-W), K.Crick (2-H), J.Ruiz (3-H), K.Graveman (0-H), L.Hendriks (0-Sv)"
5,5,6,6,Apr 14,,SEA,"L,1-5",9.0,7,5,5,0,6,8,3,1,3.02,42,172,99,4.0,1.0,3,0,35,1,0,0,0,0,2,0,6,Mark Ripperger,"J.Lambert (99-47-L), T.Banks (3), M.Foster (3), B.Sousa (1), J.Ruiz (0), A.Severino (99)"
6,6,7,7,Apr 15,,TBR,"W,3-2",9.0,6,2,2,0,2,13,0,0,2.87,34,141,98,1.0,1.0,1,0,32,2,0,0,0,0,0,0,4,David Rackley,"D.Cease (5-65-W), A.Bummer (2-H), K.Graveman (1-H), L.Hendriks (1-Sv)"
7,7,8,8,Apr 16,,TBR,"W,3-2",9.0,5,2,1,1,4,12,0,1,2.64,36,159,94,0.0,0.0,2,0,30,1,0,1,0,1,0,0,5,Junior Valentine,"M.Kopech (5-66), R.López (3-BW), J.Ruiz (1-H), B.Sousa (1-H), L.Hendriks (0-Sv)"
8,8,9,9,Apr 17,,TBR,"L,3-9",9.0,12,9,8,1,5,8,0,1,3.24,45,161,99,2.0,1.0,0,0,39,4,0,0,0,0,0,0,5,Larry Vanover,"V.Velasquez (4-42-L), T.Banks (2), M.Foster (2), A.Severino (2), K.Crick (3)"
9,9,10,10,Apr 20(1),@,CLE,"L,1-11",8.0,11,11,8,3,3,5,1,0,3.76,40,147,97,2.0,0.0,0,0,37,0,0,0,0,0,3,1,4,,"D.Keuchel (6--2-L), T.Banks (2), M.Foster (2), A.Severino (2)"
10,10,11,11,Apr 20(2),@,CLE,"L,1-2",8.0,6,2,2,0,3,11,0,0,3.63,33,144,94,4.0,0.0,0,0,30,3,0,0,0,0,0,0,6,,"J.Lambert (5-46-L), R.López (3), B.Sousa (3), K.Crick (2), A.Bummer (4), J.Ruiz (3)"
11,11,12,12,Apr 21,@,CLE,"L,3-6",8.0,13,6,5,1,2,4,1,0,3.78,40,151,104,3.0,1.0,1,0,35,3,0,0,1,2,1,1,4,Chad Fairchild,"D.Cease (5-37-L), B.Sousa (0), K.Graveman (5), M.Foster (0)"
12,12,13,13,Apr 22,@,MIN,"L,1-2",8.0,5,2,1,1,3,9,0,0,3.59,30,129,83,1.0,0.0,0,1,27,2,0,0,0,0,0,1,4,Bill Welke,"M.Kopech (5-67), J.Ruiz (1-H), A.Bummer (1-H), K.Graveman (0-BL)"
13,13,14,14,Apr 23,@,MIN,"L,2-9",8.0,14,9,9,0,4,11,2,1,4.03,43,193,116,2.0,0.0,0,0,38,2,0,0,0,0,0,0,5,Gabe Morales,"V.Velasquez (5-29-L), B.Sousa (1), K.Crick (2), A.Severino (2), L.Hendriks (6)"
14,14,15,15,Apr 24,@,MIN,"L,4-6",9.1,9,6,5,1,9,14,2,0,4.08,46,186,107,1.0,0.0,0,0,36,0,0,0,0,1,0,0,6,Chris Segal,"L.Giolito (15-56), T.Banks (3), R.López (3-H), A.Bummer (1-BSv), K.Graveman (1), L.Hendriks (0-L)"
15,15,16,16,Apr 26,,KCR,"L,0-6",9.0,6,6,4,2,11,3,0,0,4.08,44,189,101,3.0,2.0,0,0,32,1,0,0,0,1,1,2,5,Nick Mahrley,"D.Keuchel (5-51-L), R.López (1), K.Crick (2), M.Foster (4), A.Severino (2)"
16,16,17,17,Apr 27,,KCR,"W,7-3",9.0,4,3,3,0,4,13,0,1,4.01,36,144,92,2.0,1.0,1,0,30,0,0,1,0,1,0,0,4,Rob Drake,"D.Cease (5-64), J.Ruiz (4-H), B.Sousa (3-BW), K.Graveman (2-Sv)"
17,17,18,18,Apr 28,,KCR,"L,2-5",10.0,6,5,3,2,8,8,0,1,3.93,44,193,114,1.0,0.0,1,0,34,1,0,0,0,1,0,1,5,Will Little,"M.Kopech (5-52), T.Banks (3), J.Ruiz (0), A.Bummer (3-L), M.Foster (1)"
18,18,19,19,Apr 29,,LAA,"L,1-5",9.0,13,5,5,0,2,10,2,0,3.99,40,159,105,5.0,0.0,2,0,38,6,0,1,0,0,0,1,5,David Rackley,"L.Giolito (4-52-L), M.Foster (0), B.Sousa (1), R.Burr (99), A.Severino (2)"
19,19,20,20,Apr 30,,LAA,"W,4-0",9.0,6,0,0,0,1,8,0,0,3.78,33,138,94,0.0,0.0,0,0,32,0,0,0,0,0,0,1,5,Larry Vanover,"V.Velasquez (6-67-W), T.Banks (1), A.Bummer (1), K.Graveman (2), L.Hendriks (5)"
20,21,21,21,May 1,,LAA,"L,5-6",9.0,8,6,5,1,9,6,1,0,3.84,42,173,90,4.0,1.0,0,0,32,2,0,1,0,1,1,3,5,Dan Bellino,"D.Keuchel (4-35-L), R.Burr (1), J.Ruiz (2), T.Banks (0), M.Foster (1)"
21,22,22,22,May 2,,LAA,"W,3-0",9.0,2,0,0,0,0,15,0,1,3.66,30,125,83,0.0,0.0,1,0,29,1,0,0,0,0,0,0,3,Sean Barber,"D.Cease (4-86-W), K.Graveman (1-H), L.Hendriks (1-Sv)"
22,23,23,23,May 3,@,CHC,"W,3-1",9.0,6,1,1,0,3,12,0,0,3.55,35,150,101,1.0,0.0,0,0,32,1,0,0,0,0,1,1,6,Roberto Ortiz,"M.Kopech (4-57), R.López (6-W), J.Ruiz (1-H), A.Bummer (2-H), M.Foster (1-H), L.Hendriks (0-Sv)"
23,24,24,24,May 4,@,CHC,"W,4-3",9.0,5,3,3,0,2,12,2,0,3.52,33,146,99,3.0,0.0,1,0,31,0,0,0,0,0,0,0,6,Junior Valentine,"L.Giolito (4-59-W), R.López (0-H), K.Graveman (1-H), A.Bummer (0-H), M.Foster (0-H), L.Hendriks (0-Sv)"
24,25,25,25,May 6,@,BOS,"W,4-2",9.0,6,2,2,0,4,7,0,2,3.46,37,137,85,0.0,0.0,0,0,31,2,1,0,0,0,0,1,5,Chris Conroy,"V.Velasquez (5-57-W), M.Foster (1-H), A.Bummer (1-H), K.Graveman (1-H), L.Hendriks (1-Sv)"
25,26,26,26,May 7,@,BOS,"W,3-1",10.0,7,1,1,0,3,10,0,0,3.35,40,148,94,0.0,0.0,0,0,37,2,0,0,0,0,0,0,5,Carlos Torres,"D.Cease (4-60), B.Sousa (7), J.Ruiz (3), R.López (2-W), L.Hendriks (0-Sv)"
26,27,27,27,May 8,@,BOS,"W,3-2",9.0,9,2,2,0,1,10,0,0,3.3,35,134,90,1.0,0.0,0,1,34,2,0,0,0,0,0,1,5,Ron Kulpa,"D.Keuchel (6-52-W), R.Burr (6-H), M.Foster (1-H), J.Ruiz (0-H), B.Sousa (0-Sv)"
27,28,28,28,May 9,,CLE,"L,9-12",11.0,12,12,4,8,4,11,3,0,3.3,51,186,116,2.0,2.0,1,0,47,2,0,0,0,0,2,0,7,Charlie Ramos,"M.Kopech (5-71), J.Kelly (99-H), M.Foster (0), T.Banks (7), L.Hendriks (1-BSv), R.López (1), R.Burr (0-L)"
28,29,29,29,May 10,,CLE,"W,4-1",9.0,7,1,1,0,3,5,1,0,3.22,35,123,80,1.0,0.0,0,0,32,0,0,0,0,0,0,1,4,Hunter Wendelstedt,"L.Giolito (5-65-W), J.Ruiz (1-H), B.Sousa (1-H), K.Graveman (3-Sv)"
29,30,30,30,May 12,,NYY,"L,7-15",9.0,15,15,15,0,7,14,4,0,3.61,48,211,130,3.0,3.0,0,0,40,2,1,0,0,1,0,1,5,Chris Guccione,"D.Cease (4-35), J.Ruiz (1), R.Burr (2), J.Kelly (2-L), T.Banks (2)"
30,31,31,31,May 13,,NYY,"L,4-10",9.0,14,10,10,0,4,7,4,0,3.82,44,162,104,0.0,0.0,1,0,39,2,0,0,0,1,0,0,4,Mark Carlson,"V.Velasquez (6-24-L), B.Sousa (2), R.López (3), M.Foster (3)"
31,32,32,32,May 14,,NYY,"W,3-2",9.0,9,2,2,0,4,8,0,0,3.76,37,142,88,2.0,0.0,3,0,32,1,0,0,0,1,0,2,4,Jordan Baker,"D.Keuchel (5-59), K.Graveman (3-H), J.Kelly (1-H), L.Hendriks (4-BW)"
32,33,33,33,May 15,,NYY,"L,1-5",9.0,2,5,5,0,5,6,1,0,3.8,34,149,86,0.0,0.0,0,0,29,0,0,0,0,0,0,0,4,Adam Beck,"M.Kopech (5-57-L), R.Burr (2), R.López (1), J.Ruiz (2)"
33,34,34,34,May 16,@,KCR,"W,5-3",10.0,6,3,3,0,2,14,0,0,3.76,36,135,95,0.0,0.0,0,0,34,2,0,0,0,0,0,2,5,Shane Livensparger,"J.Cueto (99-73), M.Foster (2-H), K.Graveman (1-BSv), R.Burr (0-W), L.Hendriks (1-Sv)"
34,35,35,35,May 17(1),@,KCR,"W,3-0",9.0,9,0,0,0,4,14,0,0,3.66,39,158,97,1.0,0.0,1,0,35,3,0,0,0,0,0,0,5,Ramon De Jesus,"D.Cease (4-62-W), B.Sousa (3-H), J.Kelly (2-H), J.Ruiz (1-H), L.Hendriks (0-Sv)"
35,36,36,36,May 17(2),@,KCR,"L,1-2",8.0,8,2,2,0,1,10,1,1,3.62,33,146,103,0.0,0.0,0,1,31,3,0,0,0,0,0,0,3,Lance Barrett,"D.Martin (99-59-L), T.Banks (4), K.Crick (20)"
36,37,37,37,May 18,@,KCR,"L,2-6",8.0,12,6,6,0,2,9,2,0,3.7,37,141,90,0.0,0.0,2,1,34,1,1,0,0,1,1,1,3,Junior Valentine,"L.Giolito (7-50), R.López (2-L), R.Burr (1)"
37,38,38,38,May 19,@,KCR,"W,7-4",9.0,11,4,4,0,1,4,1,0,3.71,38,152,103,0.0,0.0,1,0,37,3,0,0,0,0,0,1,5,Alfonso Márquez,"V.Velasquez (5-41), B.Sousa (1-W), J.Kelly (1-H), K.Graveman (2-H), L.Hendriks (1-Sv)"
38,39,39,39,May 21,@,NYY,"L,5-7",8.0,8,7,7,0,6,3,1,0,3.8,37,162,101,0.0,0.0,0,0,30,0,0,1,0,1,0,1,5,Nick Mahrley,"D.Keuchel (6-23-L), R.López (2), J.Ruiz (3), M.Foster (4), K.Graveman (1)"
39,40,40,40,May 22(1),@,NYY,"W,3-1",9.0,8,1,1,0,3,9,1,0,3.73,36,146,96,2.0,0.0,0,0,33,1,0,1,0,0,0,0,4,Will Little,"J.Cueto (5-63), J.Kelly (2-H), K.Graveman (0-BW), L.Hendriks (2-Sv)"
40,41,41,41,May 22(2),@,NYY,"W,5-0",9.0,3,0,0,0,2,7,0,0,3.64,32,120,85,0.0,0.0,0,0,30,2,0,0,0,0,0,0,3,Greg Gibson,"M.Kopech (6-79-W), M.Foster (0), R.López (0)"
41,42,42,42,May 24,,BOS,"L,3-16",9.0,19,16,16,0,5,12,4,0,3.94,51,204,123,4.0,2.0,0,0,45,5,0,0,0,1,0,0,6,Alan Porter,"D.Cease (6-17-L), J.Ruiz (2), B.Sousa (4), M.Foster (1), V.Velasquez (4), A.Bummer (17)"
42,43,43,43,May 25,,BOS,"W,3-1",9.0,7,1,1,0,7,10,0,0,3.87,40,155,95,1.0,0.0,0,0,33,0,0,0,0,0,0,1,5,Ryan Wills,"L.Giolito (6-61-W), A.Bummer (0-H), K.Graveman (2-H), J.Kelly (2-H), L.Hendriks (2-Sv)"
43,44,44,44,May 26,,BOS,"L,7-16",9.0,19,16,14,2,5,12,3,0,4.1,51,218,132,2.0,2.0,1,0,46,4,0,0,0,0,1,1,7,Todd Tichenor,"D.Keuchel (4-20-L), R.López (3), J.Ruiz (1), M.Foster (1), T.Banks (8), B.Sousa (1), J.Harrison (99)"
44,45,45,45,May 28,,CHC,"L,1-5",9.0,10,5,5,0,5,3,0,0,4.12,39,130,81,4.0,0.0,3,2,34,2,0,1,0,0,0,1,4,Nestor Ceja,"J.Cueto (5-35-L), B.Sousa (1), M.Foster (1), J.Ruiz (1)"
45,46,46,46,May 29,,CHC,"W,5-4",12.0,5,4,0,4,5,10,0,0,4.0,46,177,109,0.0,0.0,3,0,38,1,0,1,2,1,1,2,6,Ted Barrett,"D.Cease (4-72), K.Graveman (3), L.Hendriks (3), R.López (2), A.Bummer (3), M.Foster (0-W)"
46,47,47,47,May 31,@,TOR,"L,5-6",8.0,12,6,6,0,3,10,2,0,4.05,39,157,94,1.0,0.0,0,0,36,4,0,0,0,0,0,0,4,Adrian Johnson,"L.Giolito (5-30-L), R.López (1), A.Bummer (1), K.Crick (13)"
47,49,48,48,Jun 1,@,TOR,"L,3-7",8.0,10,7,7,0,8,10,3,0,4.12,41,185,107,0.0,0.0,0,1,33,3,0,0,0,0,0,0,5,Erich Bacchus,"M.Kopech (9-27-L), K.Crick (0), M.Foster (2), J.Ruiz (3), B.Sousa (3)"
48,50,49,49,Jun 2,@,TOR,"L,3-8",8.0,12,8,7,1,3,8,1,2,4.19,40,143,93,5.0,3.0,0,0,35,6,0,0,0,0,0,1,5,Ryan Blakney,"J.Cueto (4-49-L), T.Banks (6), R.López (1), A.Bummer (1), J.Lambert (42)"
49,51,50,50,Jun 3,@,TBR,"L,3-6",8.0,8,6,6,0,4,2,1,0,4.24,35,137,87,2.0,1.0,2,1,30,2,0,0,0,1,0,0,4,Hunter Wendelstedt,"D.Martin (16-40-L), B.Sousa (1), M.Foster (1), T.Banks (0)"
50,52,51,51,Jun 4,@,TBR,"W,3-2",9.0,4,2,0,2,8,11,0,0,4.15,38,166,98,2.0,1.0,2,1,30,0,0,0,0,0,1,0,5,Adam Hamari,"D.Cease (5-56), A.Bummer (1), K.Crick (2-W), K.Graveman (5-H), L.Hendriks (5-Sv)"
51,53,52,52,Jun 5,@,TBR,"W,6-5",9.0,9,5,2,3,2,8,2,0,4.11,36,141,89,0.0,0.0,0,1,33,1,1,0,0,1,1,2,4,Chad Whitson,"L.Giolito (4-43-W), A.Bummer (0-H), K.Graveman (0-H), L.Hendriks (0-Sv)"
52,54,53,53,Jun 7,,LAD,"W,4-0",9.0,5,0,0,0,3,9,0,0,4.03,33,146,89,1.0,0.0,2,0,30,0,0,0,0,0,0,2,5,Ryan Wills,"M.Kopech (5-77-W), R.López (4), A.Bummer (1), K.Graveman (1), L.Hendriks (1)"
53,55,54,54,Jun 8,,LAD,"L,1-4",9.0,6,4,4,0,1,9,3,0,4.03,34,133,86,0.0,0.0,0,0,33,0,0,0,0,0,0,0,4,Jerry Meals,"J.Cueto (5-56-L), B.Sousa (4), M.Foster (4), J.Ruiz (6)"
54,56,55,55,Jun 9,,LAD,"L,9-11",9.0,12,11,5,6,7,15,1,0,4.05,46,206,128,2.0,1.0,1,1,39,4,0,1,0,0,0,0,6,Ed Hickox,"D.Cease (4-45-L), M.Foster (0), B.Sousa (0), R.López (1), K.Crick (4), J.Ruiz (0)"
55,57,56,56,Jun 10,,TEX,"W,8-3",9.0,6,3,3,0,1,12,3,0,4.03,34,145,94,0.0,0.0,1,0,33,1,0,0,0,0,0,0,4,Jim Reynolds,"R.López (0-57), D.Martin (6), K.Graveman (2-BW), L.Hendriks (2)"
56,58,57,57,Jun 11,,TEX,"L,9-11",10.0,15,11,10,1,6,11,1,0,4.13,49,184,119,4.0,3.0,1,1,41,6,0,0,0,2,0,0,6,Alex Tosi,"L.Giolito (5-44), K.Crick (1-H), B.Sousa (1-H), J.Lambert (8-BSv), M.Foster (1-L), J.Ruiz (1)"
57,59,58,58,Jun 12,,TEX,"L,6-8",12.0,11,8,6,2,5,13,2,0,4.14,52,202,124,0.0,0.0,1,1,46,0,0,0,0,1,1,0,7,,"M.Kopech (4-52), R.López (1), J.Cueto (3-BSv), T.Banks (8), K.Graveman (1), J.Ruiz (0), M.Foster (0-L)"
58,60,59,59,Jun 13,@,DET,"W,9-5",9.0,12,5,5,0,3,9,1,0,4.15,41,163,100,3.0,2.0,0,0,37,1,0,0,0,1,0,1,5,Doug Eddings,"L.Lynn (99-35), K.Crick (1), B.Sousa (1-W), T.Banks (0-H), K.Graveman (0)"
59,61,60,60,Jun 14,@,DET,"W,5-1",9.0,9,1,0,1,1,14,0,0,4.08,37,163,113,0.0,0.0,0,0,36,1,0,0,0,0,0,0,4,Bill Miller,"D.Cease (4-58-W), J.Lambert (2), J.Kelly (19), R.López (1)"
60,62,61,61,Jun 15,@,DET,"W,13-0",9.0,4,0,0,0,0,6,0,0,4.02,32,109,80,2.0,0.0,0,0,32,0,0,0,0,0,1,0,3,Jeremy Riggs,"V.Velasquez (21-59), D.Martin (4-W), J.Ruiz (2)"
61,63,62,62,Jun 17,@,HOU,"L,3-13",8.0,12,13,13,0,4,7,5,1,4.17,40,144,90,3.0,3.0,0,0,35,1,0,0,0,0,0,1,3,Phil Cuzzi,"L.Giolito (5-21-L), M.Foster (4), T.Banks (3)"
62,64,63,63,Jun 18,@,HOU,"W,7-0",9.0,3,0,0,0,2,8,0,0,4.1,30,122,77,0.0,0.0,0,0,28,0,0,0,0,0,0,1,2,Malachi Moore,"J.Cueto (5-76-W), R.López (3)"
63,65,64,64,Jun 19,@,HOU,"L,3-4",8.0,8,4,4,0,3,5,2,0,4.11,34,120,73,0.0,0.0,0,1,31,1,0,0,0,0,0,0,3,Cory Blaser,"M.Kopech (6-40-L), J.Lambert (4), V.Velasquez (3)"
64,66,65,65,Jun 20,,TOR,"W,8-7",9.0,8,7,5,2,2,10,2,0,4.12,38,157,100,1.0,1.0,1,0,36,3,0,0,0,0,1,0,4,Ramon De Jesus,"L.Lynn (6-46-W), R.López (1), K.Graveman (6-H), J.Kelly (5-Sv)"
65,67,66,66,Jun 21,,TOR,"W,7-6",12.0,8,6,4,2,7,17,1,1,4.1,51,224,133,3.0,1.0,2,1,41,1,0,0,2,0,0,0,6,Doug Eddings,"D.Cease (6-79), J.Lambert (1-H), D.Martin (5-BSv), J.Ruiz (5), K.Graveman (0), V.Velasquez (1-W)"
66,68,67,67,Jun 22,,TOR,"L,5-9",9.0,13,9,9,0,1,5,3,0,4.17,40,144,96,0.0,0.0,0,0,39,3,0,0,0,0,0,1,3,Edwin Moscoso,"L.Giolito (4-19-L), M.Foster (4), T.Banks (4)"
67,69,68,68,Jun 23,,BAL,"L,0-4",9.0,10,4,4,0,2,11,1,0,4.17,38,164,102,2.0,1.0,0,0,36,5,0,0,0,0,0,0,4,John Tumpane,"J.Cueto (4-48-L), R.López (2), J.Ruiz (1), J.Lambert (1)"
68,70,69,69,Jun 24,,BAL,"L,1-4",9.0,5,4,4,0,4,6,0,1,4.17,36,144,83,1.0,0.0,5,0,31,3,0,0,0,0,0,1,3,Ryan Blakney,"M.Kopech (4-52-L), V.Velasquez (2), M.Foster (1)"
69,71,70,70,Jun 25,,BAL,"L,2-6",9.0,9,6,5,1,2,12,1,2,4.18,40,150,99,3.0,3.0,0,1,36,2,0,0,0,0,1,0,3,Marvin Hudson,"L.Lynn (4-47-L), J.Ruiz (1), T.Banks (2)"
70,72,71,71,Jun 26,,BAL,"W,4-3",9.0,7,3,1,2,2,16,1,0,4.13,38,136,90,0.0,0.0,0,0,35,1,0,0,0,1,2,0,3,Junior Valentine,"D.Cease (4-77-W), J.Kelly (5-H), K.Graveman (4-Sv)"
71,73,72,72,Jun 27,@,LAA,"L,3-4",8.0,9,4,4,0,4,7,0,0,4.14,36,135,81,0.0,0.0,2,0,31,1,1,1,1,0,0,1,3,Scott Barry,"L.Giolito (4-57), R.López (3-BL), J.Lambert (3)"
72,74,73,73,Jun 28,@,LAA,"W,11-4",9.0,9,4,4,0,1,9,3,0,4.14,38,148,100,0.0,0.0,0,0,37,2,0,0,0,0,1,0,4,Ben May,"J.Cueto (4-50-W), J.Kelly (1), M.Foster (3), J.Ruiz (2)"
73,75,74,74,Jun 29,@,LAA,"L,1-4",8.0,5,4,3,1,2,10,1,0,4.13,31,133,83,0.0,0.0,1,0,29,2,0,0,0,0,0,0,4,Charlie Ramos,"M.Kopech (4-48-L), R.López (1), J.Ruiz (0), K.Graveman (2)"
74,77,75,75,Jul 1,@,SFG,"W,1-0",9.0,3,0,0,0,5,7,0,0,4.07,34,150,84,0.0,0.0,0,0,29,1,0,0,0,0,0,1,4,Jordan Baker,"L.Lynn (5-69), J.Kelly (2), T.Banks (5-W), K.Graveman (1-Sv)"
75,78,76,76,Jul 2,@,SFG,"W,5-3",9.0,8,3,3,0,5,8,1,1,4.06,41,187,114,0.0,0.0,1,0,35,2,0,0,0,0,0,0,4,Chris Guccione,"D.Cease (5-56-W), T.Banks (0), J.Kelly (0), K.Graveman (0-Sv)"
76,79,77,77,Jul 3,@,SFG,"W,13-4",9.0,7,4,4,0,2,11,0,0,4.06,36,158,103,1.0,0.0,0,0,34,5,0,0,0,0,0,0,4,Jose Navas,"L.Giolito (5-67-W), M.Foster (4), V.Velasquez (8), J.Ruiz (3)"
77,80,78,78,Jul 4,,MIN,"L,3-6",10.0,8,6,5,1,7,8,1,0,4.06,43,155,91,1.0,0.0,0,0,35,2,0,0,0,1,0,2,6,David Rackley,"J.Cueto (5-52), M.Foster (0), L.Hendriks (23), K.Graveman (1), J.Kelly (1-L), T.Banks (1)"
78,81,79,79,Jul 5,,MIN,"L,2-8",9.0,12,8,8,0,5,7,5,0,4.11,43,143,98,1.0,0.0,1,0,38,1,0,0,0,0,0,1,5,Randy Rosenberg,"M.Kopech (5-25-L), R.López (5), V.Velasquez (1), J.Ruiz (1), J.Harrison (39)"
79,82,80,80,Jul 6,,MIN,"W,9-8",10.0,14,8,8,0,3,9,3,0,4.16,45,173,110,0.0,0.0,0,0,42,2,0,0,0,0,0,1,6,Sean Barber,"L.Lynn (4-35), R.López (0), K.Graveman (1), M.Foster (1), L.Hendriks (1), J.Ruiz (0-W)"
80,83,81,81,Jul 7,,DET,"L,1-2",9.0,5,2,2,0,4,9,1,0,4.13,36,141,87,0.0,0.0,1,0,32,0,0,0,0,0,0,0,3,Chris Segal,"D.Cease (4-67-L), J.Lambert (9), T.Banks (2)"
81,84,82,82,Jul 8,,DET,"L,5-7",9.0,8,7,6,1,3,11,1,0,4.15,38,135,93,2.0,2.0,1,0,35,1,0,0,0,0,1,1,4,Andy Fletcher,"L.Giolito (4-50-L), J.Kelly (3), M.Foster (1), R.López (1)"
82,85,83,83,Jul 9,,DET,"W,8-0",9.0,6,0,0,0,0,6,0,0,4.1,31,117,78,0.0,0.0,0,0,31,1,0,0,0,0,0,2,2,Bill Welke,"J.Cueto (4-77-W), J.Ruiz (2)"
83,86,84,84,Jul 10,,DET,"W,4-2",9.0,5,2,2,0,3,8,1,1,4.08,34,130,78,1.0,0.0,0,1,30,1,0,0,0,0,0,1,5,Junior Valentine,"M.Kopech (4-53), J.Lambert (2), R.López (1), K.Graveman (3-W), L.Hendriks (3-Sv)"
84,87,85,85,Jul 11,@,CLE,"L,4-8",8.0,12,8,8,0,2,6,0,3,4.13,39,152,98,1.0,1.0,1,1,34,1,0,0,0,0,0,1,4,Dan Merzel,"L.Lynn (4-13-L), M.Foster (2), J.Kelly (2), T.Banks (3)"
85,88,86,86,Jul 12(1),@,CLE,"L,1-4",8.0,8,4,4,0,2,4,0,0,4.13,31,114,79,0.0,0.0,1,0,29,2,0,1,0,0,0,1,3,Jansen Visconti,"D.Martin (20-41-L), J.Ruiz (2), J.Kelly (0)"
86,89,87,87,Jul 12(2),@,CLE,"W,7-0",9.0,8,0,0,0,4,14,0,0,4.09,39,159,100,3.0,0.0,0,0,35,1,0,0,0,0,0,0,4,Edwin Moscoso,"D.Cease (4-65-W), R.López (1-H), K.Graveman (1), M.Foster (0)"
87,90,88,88,Jul 13,@,CLE,"W,2-1",9.0,5,1,0,1,1,9,0,0,4.04,33,128,81,2.0,1.0,0,0,32,2,0,0,0,0,1,0,4,Tripp Gibson,"L.Giolito (4-65-W), R.López (0-H), K.Graveman (0-H), L.Hendriks (2-Sv)"
88,91,89,89,Jul 14,@,MIN,"W,12-2",9.0,11,2,2,0,2,8,1,0,4.02,39,165,107,0.0,0.0,0,0,37,1,1,0,0,0,0,0,4,Alfonso Márquez,"J.Cueto (4-57-W), J.Lambert (3), T.Banks (2), J.Ruiz (1)"
89,92,90,90,Jul 15,@,MIN,"W,6-2",9.0,7,2,2,0,4,5,0,0,3.99,36,142,86,0.0,0.0,0,0,32,1,0,0,0,0,0,2,5,Lance Barrett,"M.Kopech (4-47-W), J.Kelly (2-H), R.López (1), K.Graveman (1), L.Hendriks (1)"
90,93,91,91,Jul 16,@,MIN,"L,3-6",8.0,10,6,6,0,2,11,3,0,4.02,36,159,107,2.0,0.0,0,0,34,1,0,0,0,0,0,0,5,Jeremie Rehak,"L.Lynn (4-35-L), T.Banks (1), M.Foster (3), J.Ruiz (1), J.Lambert (1)"
91,94,92,92,Jul 17,@,MIN,"W,11-0",9.0,1,0,0,0,3,9,0,0,3.98,32,137,84,0.0,0.0,0,1,29,0,0,0,0,0,1,0,3,Nestor Ceja,"D.Cease (4-81-W), J.Kelly (1), J.Ruiz (0)"
92,95,93,93,Jul 22,,CLE,"L,2-8",9.0,15,8,8,0,2,5,1,0,4.02,44,158,108,2.0,2.0,1,0,41,3,0,0,0,1,0,0,6,Dan Bellino,"L.Giolito (8-19-L), J.Lambert (5), M.Foster (5), T.Banks (5), J.Ruiz (4), J.Kelly (4)"
93,96,94,94,Jul 23(1),,CLE,"L,4-7",9.0,12,7,6,1,1,2,0,1,4.04,40,120,79,0.0,0.0,1,0,35,2,0,0,1,2,1,2,3,Cory Blaser,"J.Cueto (8-46), K.Graveman (7), L.Hendriks (7-L)"
94,97,95,95,Jul 23(2),,CLE,"W,5-4",9.0,8,4,4,0,2,9,0,0,4.04,37,151,98,1.0,1.0,0,0,34,2,2,0,1,0,0,0,5,Clint Vondrak,"L.Lynn (6-71), J.Ruiz (0-H), R.López (7-BSv), J.Kelly (0-W), M.Foster (0-Sv)"
95,98,96,96,Jul 24,,CLE,"W,6-3",9.0,11,3,3,0,3,9,2,0,4.03,40,154,100,0.0,0.0,0,0,37,2,0,0,0,0,0,1,4,Edwin Moscoso,"D.Cease (6-61-W), J.Lambert (1), K.Graveman (0), L.Hendriks (0)"
96,99,97,97,Jul 26,@,COL,"W,2-1",9.0,9,1,1,0,5,6,1,0,4.0,37,151,97,1.0,0.0,1,0,32,1,0,0,0,0,0,4,5,Adam Beck,"M.Kopech (10-57-W), J.Lambert (1-H), J.Kelly (2-H), K.Graveman (1-H), L.Hendriks (1-Sv)"
97,100,98,98,Jul 27,@,COL,"L,5-6",8.0,11,6,6,0,9,9,1,1,4.02,44,181,108,2.0,0.0,0,0,34,4,0,1,0,0,0,1,6,Jansen Visconti,"L.Giolito (4-43), M.Foster (3), J.Ruiz (3-H), J.Kelly (0-H), J.Lambert (0-H), K.Graveman (0-BL)"
98,101,99,99,Jul 29,,OAK,"L,3-7",9.0,9,7,6,1,0,11,4,0,4.04,37,152,102,0.0,0.0,0,0,36,2,0,0,1,0,1,0,2,Nick Mahrley,"L.Lynn (5-47-L), D.Martin (16)"
99,102,100,100,Jul 30,,OAK,"W,3-2",9.0,8,2,2,0,1,4,2,0,4.02,35,128,83,0.0,0.0,2,0,34,2,0,0,0,0,0,1,3,Tripp Gibson,"J.Cueto (6-58), J.Lambert (2), L.Hendriks (3-W)"
100,103,101,101,Jul 31,,OAK,"W,4-1",9.0,6,1,1,0,2,10,1,0,3.99,33,144,89,0.0,0.0,0,0,31,2,0,0,0,0,0,1,4,Laz Diaz,"D.Cease (6-66-W), J.Kelly (3-H), K.Graveman (3-H), L.Hendriks (0-Sv)"
101,105,102,102,Aug 1,,KCR,"L,1-2",9.0,6,2,2,0,1,6,2,0,3.97,33,123,84,0.0,0.0,1,0,32,1,0,0,0,0,0,1,3,Mark Wegner,"M.Kopech (5-59-L), J.Ruiz (4), J.Lambert (1)"
102,106,103,103,Aug 2,,KCR,"W,9-2",9.0,7,2,2,0,3,10,0,0,3.95,37,137,97,0.0,0.0,0,0,34,3,0,0,0,0,0,0,5,Quinn Wolcott,"L.Giolito (5-53-W), J.Diekman (2-H), J.Kelly (1), M.Foster (5), T.Banks (10)"
103,107,104,104,Aug 3,,KCR,"W,4-1",9.0,4,1,1,0,1,14,1,0,3.93,32,131,84,0.0,0.0,0,0,31,0,0,0,0,0,0,0,4,Dan Merzel,"L.Lynn (4-68-W), J.Diekman (0-H), K.Graveman (2-H), L.Hendriks (2-Sv)"
104,108,105,105,Aug 4,@,TEX,"L,2-3",8.0,12,3,3,0,0,4,0,0,3.92,32,106,76,,,0,1,31,3,0,0,0,1,0,2,1,Rob Drake,J.Cueto (4-50-L)
105,109,106,106,Aug 5,@,TEX,"W,2-1",9.0,3,1,1,0,4,9,0,1,3.89,36,129,81,0.0,0.0,2,0,31,0,0,0,0,0,1,0,4,Will Little,"D.Cease (4-66-W), J.Kelly (2-H), K.Graveman (1-H), L.Hendriks (1-Sv)"
106,110,107,107,Aug 6,@,TEX,"L,0-8",8.0,7,8,6,2,6,8,1,0,3.92,38,175,107,2.0,1.0,0,0,32,1,0,0,0,0,1,0,4,Chad Fairchild,"M.Kopech (4-36-L), J.Ruiz (4), M.Foster (3), T.Banks (3)"
107,111,108,108,Aug 7,@,TEX,"W,8-2",9.0,9,2,2,0,5,10,1,0,3.9,40,172,104,0.0,0.0,0,0,35,1,0,0,0,0,0,1,5,Mike Estabrook,"L.Giolito (4-53-W), J.Lambert (5), J.Diekman (3), M.Foster (0), J.Ruiz (0)"
108,112,109,109,Aug 9(1),@,KCR,"L,2-4",8.0,9,4,4,0,1,7,2,0,3.9,35,113,76,0.0,0.0,0,0,34,1,0,0,0,0,1,0,3,Jerry Meals,"L.Lynn (5-46-L), J.Kelly (3), M.Foster (1)"
109,113,110,110,Aug 9(2),@,KCR,"W,3-2",9.0,5,2,2,0,2,8,1,0,3.89,34,129,88,1.0,0.0,0,0,31,0,0,0,0,1,0,0,5,Jansen Visconti,"D.Martin (10-61-W), J.Diekman (1-H), R.López (16-H), K.Graveman (3-H), L.Hendriks (3-Sv)"
110,114,111,111,Aug 10,@,KCR,"L,3-8",8.0,15,8,7,1,3,5,1,0,3.92,40,150,90,2.0,0.0,1,0,36,2,0,0,1,0,1,3,4,Clint Vondrak,"J.Cueto (5-47), J.Diekman (0-L), J.Lambert (2), J.Ruiz (2)"
111,115,112,112,Aug 11,@,KCR,"L,3-5",8.0,8,5,5,0,4,9,1,0,3.93,35,153,94,2.0,2.0,3,0,31,0,0,0,0,0,0,1,4,Vic Carapazza,"D.Cease (5-68-L), J.Kelly (1), J.Ruiz (0), M.Foster (1)"
112,116,113,113,Aug 12,,DET,"W,2-0",9.0,3,0,0,0,3,14,0,0,3.9,32,134,86,0.0,0.0,2,0,29,0,0,0,0,0,0,1,4,Adam Hamari,"M.Kopech (5-80), R.López (2-W), K.Graveman (2-H), L.Hendriks (2-Sv)"
113,117,114,114,Aug 13,,DET,"W,6-4",9.0,10,4,4,0,2,11,0,0,3.9,37,124,88,0.0,0.0,0,0,35,2,0,0,0,0,0,1,3,Hunter Wendelstedt,"L.Giolito (5-51-W), R.López (0-H), L.Hendriks (0-Sv)"
114,118,115,115,Aug 14,,DET,"W,5-3",9.0,8,3,3,0,0,14,1,0,3.89,34,133,96,0.0,0.0,0,0,34,1,0,0,0,0,0,1,4,Jim Wolf,"L.Lynn (4-61-W), J.Lambert (3-H), J.Diekman (3-H), K.Graveman (1-Sv)"
115,119,116,116,Aug 15,,HOU,"W,4-2",9.0,7,2,1,1,2,3,0,1,3.87,37,114,77,0.0,0.0,1,0,33,1,0,0,0,1,0,1,2,Chris Conroy,"J.Cueto (4-66-W), L.Hendriks (1-Sv)"
116,120,117,117,Aug 16,,HOU,"W,4-3",9.0,9,3,3,0,4,9,1,0,3.86,39,156,94,0.0,0.0,0,0,35,4,0,0,0,0,0,0,5,Edwin Moscoso,"D.Cease (4-44), J.Ruiz (4), V.Velasquez (41), J.Lambert (1-W), L.Hendriks (0-Sv)"
117,121,118,118,Aug 17,,HOU,"L,2-3",9.0,5,3,3,0,3,6,0,0,3.85,35,133,80,0.0,0.0,2,0,30,2,0,0,0,2,0,0,4,Carlos Torres,"M.Kopech (4-50-L), J.Kelly (5), J.Diekman (2), R.López (3)"
118,122,119,119,Aug 18,,HOU,"L,5-21",9.0,25,21,21,0,4,9,4,0,4.0,55,209,134,2.0,2.0,1,0,51,5,0,0,0,0,0,1,4,Ramon De Jesus,"L.Giolito (4-19-L), V.Velasquez (1), J.Ruiz (1), J.Harrison (43)"
119,123,120,120,Aug 19,@,CLE,"L,2-5",8.0,9,5,5,0,4,8,1,1,4.01,37,154,101,5.0,1.0,1,0,32,1,1,1,0,0,0,0,4,,"L.Lynn (4-60), R.López (1-BL), J.Diekman (1), J.Lambert (2)"
120,124,121,121,Aug 20,@,CLE,"W,2-0",9.0,5,0,0,0,1,3,0,0,3.98,33,119,78,1.0,0.0,0,0,32,1,0,0,0,0,1,1,2,David Rackley,"J.Cueto (4-75-W), L.Hendriks (3-Sv)"
121,125,122,122,Aug 22,@,KCR,"L,4-6",8.0,6,6,6,0,6,7,0,4,4.0,38,165,92,8.0,4.0,1,1,27,0,0,0,0,1,0,1,8,Ron Kulpa,"M.Kopech (4-30), J.Lambert (2), V.Velasquez (3), J.Diekman (2), R.López (2), K.Graveman (7), J.Kelly (4-L), J.Ruiz (3)"
122,126,123,123,Aug 23,@,BAL,"L,3-5",8.0,5,5,5,0,3,7,1,0,4.01,31,139,81,2.0,1.0,1,0,28,1,0,0,0,0,0,0,5,James Hoye,"D.Cease (6-47-L), R.López (0), J.Diekman (0), J.Lambert (0), T.Banks (16)"
123,127,124,124,Aug 24,@,BAL,"W,5-3",9.0,6,3,3,0,3,6,1,0,4.0,34,136,81,2.0,0.0,0,0,31,2,0,0,0,0,0,1,3,Jim Wolf,"L.Giolito (5-62-W), K.Graveman (1-H), L.Hendriks (3)"
124,128,125,125,Aug 25,@,BAL,"L,3-4",10.0,7,4,1,3,1,12,2,1,3.97,39,157,108,0.0,0.0,0,1,37,0,0,0,0,0,1,0,6,D.J. Reyburn,"L.Lynn (5-67), R.López (1), J.Lambert (1-H), L.Hendriks (0-BSv), J.Kelly (2), J.Diekman (1-L)"
125,129,126,126,Aug 26,,ARI,"L,2-7",9.0,6,7,7,0,3,8,2,1,4.0,37,140,94,0.0,0.0,0,0,32,1,0,0,0,1,0,0,3,Mark Carlson,"J.Cueto (5-31-L), T.Banks (2), J.Ruiz (3)"
126,130,127,127,Aug 27,,ARI,"L,5-10",9.0,11,10,8,2,7,6,0,1,4.03,46,183,118,6.0,3.0,2,0,36,1,0,0,0,1,0,1,6,Ryan Additon,"D.Martin (17-33-L), V.Velasquez (4), J.Diekman (1), J.Ruiz (0), J.Kelly (1), R.López (1)"
127,131,128,128,Aug 28,,ARI,"L,2-3",9.0,3,3,3,0,3,8,2,0,4.02,32,119,69,0.0,0.0,0,0,29,1,0,0,0,0,0,0,2,Chris Guccione,"D.Cease (4-77), K.Graveman (3-L)"
128,132,129,129,Aug 30,,KCR,"L,7-9",9.0,13,9,9,0,3,11,4,0,4.06,42,175,114,5.0,3.0,1,0,39,4,0,0,0,0,0,1,6,Brian Knight,"L.Giolito (5-41-L), T.Banks (3), J.Lambert (4), J.Diekman (2), J.Kelly (2), J.Ruiz (2)"
129,133,130,130,Aug 31,,KCR,"W,4-2",9.0,6,2,2,0,0,10,1,1,4.04,33,121,79,0.0,0.0,0,0,32,0,1,0,0,0,0,1,3,Roberto Ortiz,"L.Lynn (5-73-W), K.Graveman (2-H), L.Hendriks (5-Sv)"
130,135,131,131,Sep 1,,KCR,"W,7-1",9.0,8,1,1,0,2,11,0,0,4.02,39,166,110,2.0,0.0,0,0,36,2,0,0,0,0,1,0,6,Bill Miller,"J.Cueto (5-57-W), R.López (4-H), K.Graveman (0), J.Diekman (1), J.Lambert (1), M.Foster (20)"
131,136,132,132,Sep 2,,MIN,"W,4-3",9.0,8,3,2,1,4,6,0,1,4.0,38,150,92,0.0,0.0,0,1,33,2,0,0,0,0,0,1,5,Clint Vondrak,"J.Kelly (2-41), D.Martin (5), R.López (0), J.Lambert (0), L.Hendriks (1-W)"
132,137,133,133,Sep 3,,MIN,"W,13-0",9.0,1,0,0,0,2,7,0,0,3.97,29,103,68,,,0,0,27,0,0,0,0,0,0,1,1,Jeremie Rehak,D.Cease (5-90-W)
133,138,134,134,Sep 4,,MIN,"L,1-5",9.0,12,5,4,1,2,9,1,0,3.97,41,165,111,2.0,1.0,0,0,39,2,1,0,0,0,0,0,6,Chris Conroy,"L.Giolito (4-50-L), J.Lambert (1), R.López (1), J.Diekman (2), K.Graveman (2), V.Velasquez (7)"
134,139,135,135,Sep 5,@,SEA,"W,3-2",9.0,6,2,1,1,2,14,0,0,3.95,35,146,99,0.0,0.0,0,0,33,1,0,0,0,0,0,0,3,,"L.Lynn (4-79-W), K.Graveman (0-H), L.Hendriks (2-Sv)"
135,140,136,136,Sep 6,@,SEA,"L,0-3",8.0,6,3,3,0,4,4,1,1,3.95,34,127,84,2.0,0.0,1,0,29,1,0,0,0,0,0,1,3,Quinn Wolcott,"J.Cueto (4-58-L), J.Lambert (1), R.López (1)"
136,141,137,137,Sep 7,@,SEA,"W,9-6",9.0,7,6,3,3,6,12,2,0,3.94,42,167,97,5.0,1.0,0,0,35,3,0,0,0,1,2,0,7,Alan Porter,"M.Kopech (15-47), J.Ruiz (7), J.Diekman (2), J.Kelly (4-H), A.Bummer (91-BW), V.Velasquez (2-H), L.Hendriks (1-Sv)"
137,142,138,138,Sep 8,@,OAK,"W,14-2",9.0,6,2,2,0,2,13,0,0,3.93,35,148,93,0.0,0.0,0,0,32,2,0,0,0,1,0,0,3,Gabe Morales,"D.Cease (4-73-W), J.Ruiz (0), V.Velasquez (0)"
138,143,139,139,Sep 9,@,OAK,"W,5-3",9.0,6,3,3,0,3,10,0,0,3.92,34,135,86,0.0,0.0,0,0,31,2,0,0,0,0,0,2,4,Andy Fletcher,"L.Giolito (4-54), J.Kelly (1), A.Bummer (1-W), L.Hendriks (1-Sv)"
139,144,140,140,Sep 10,@,OAK,"W,10-2",9.0,3,2,0,2,1,9,0,2,3.89,35,153,103,0.0,0.0,0,0,31,0,0,0,0,1,1,0,4,Edwin Moscoso,"L.Lynn (4-66-W), J.Lambert (3), J.Diekman (2), J.Ruiz (1)"
140,145,141,141,Sep 11,@,OAK,"L,3-10",8.0,14,10,8,2,2,5,2,1,3.92,41,148,93,3.0,0.0,0,0,37,3,1,0,1,0,0,0,5,Chris Segal,"J.Cueto (4-26-L), J.Lambert (0), A.Bummer (1), R.López (4), K.Graveman (5)"
141,146,142,142,Sep 13,,COL,"W,4-2",9.0,5,2,2,0,1,7,1,0,3.91,33,129,85,0.0,0.0,0,0,32,0,0,0,0,0,0,0,5,Mark Carlson,"M.Kopech (5-56-W), J.Lambert (1-H), R.López (1-H), K.Graveman (1-H), L.Hendriks (3-Sv)"
142,147,143,143,Sep 14,,COL,"L,0-3",9.0,7,3,3,0,2,15,0,0,3.9,37,166,107,0.0,0.0,0,0,35,2,0,0,0,0,1,0,5,Nate Tomlinson,"D.Cease (5-49-L), J.Diekman (3), J.Kelly (4), J.Ruiz (3), V.Velasquez (5)"
143,148,144,144,Sep 15,@,CLE,"W,8-2",9.0,10,2,2,0,1,8,0,0,3.89,38,148,94,1.0,1.0,0,0,37,4,0,0,0,0,0,0,4,Alan Porter,"L.Lynn (4-56-W), A.Bummer (3), R.López (1), K.Graveman (1)"
144,149,145,145,Sep 16,@,DET,"L,2-3",9.2,6,3,2,1,3,11,1,0,3.88,38,160,106,1.0,0.0,1,0,33,2,1,0,1,1,0,0,6,David Rackley,"L.Giolito (6-54), J.Lambert (2), J.Diekman (1), J.Kelly (1), R.López (0), L.Hendriks (2-L)"
145,150,146,146,Sep 17,@,DET,"W,4-3",11.0,5,3,2,1,2,11,0,0,3.86,40,154,101,0.0,0.0,1,0,37,1,1,0,1,0,1,1,6,,"D.Martin (14-66), J.Kelly (0-H), K.Graveman (1-BSv), R.López (0), L.Hendriks (0-W), A.Bummer (1-Sv)"
146,151,147,147,Sep 18,@,DET,"W,11-5",9.0,5,5,5,0,5,12,2,0,3.86,36,136,90,3.0,2.0,0,1,30,0,0,0,0,1,0,0,4,Alex Tosi,"V.Velasquez (3-50), J.Ruiz (3), J.Lambert (1-H), T.Banks (18-W)"
147,152,148,148,Sep 20,,CLE,"L,7-10",11.0,11,10,7,3,7,5,0,0,3.88,49,190,112,2.0,2.0,3,1,39,1,1,1,0,3,0,0,7,Shane Livensparger,"D.Cease (5-60), J.Lambert (1-H), A.Bummer (2-BSv), R.López (2), L.Hendriks (2), K.Graveman (2), J.Diekman (3-L)"
148,153,149,149,Sep 21,,CLE,"L,2-8",9.0,11,8,5,3,4,5,2,0,3.89,42,147,88,0.0,0.0,2,0,38,0,0,0,0,0,1,1,3,Tripp Gibson,"L.Lynn (5-38-L), J.Ruiz (2), T.Banks (2)"
149,154,150,150,Sep 22,,CLE,"L,2-4",9.0,9,4,3,1,1,5,0,0,3.88,37,125,88,0.0,0.0,0,0,34,1,1,0,0,2,0,0,4,Mike Muchlinski,"J.Cueto (10-44-L), J.Diekman (1), A.Bummer (1), R.López (1)"
150,155,151,151,Sep 23,,DET,"L,3-5",9.0,9,5,4,1,2,12,1,1,3.88,38,144,95,0.0,0.0,2,0,34,2,0,0,0,1,0,1,4,Manny Gonzalez,"L.Giolito (6-56), R.López (0-L), J.Lambert (2), T.Banks (1)"
151,156,152,152,Sep 24,,DET,"L,2-7",9.0,14,7,7,0,2,7,2,0,3.9,41,152,105,1.0,0.0,1,0,39,1,0,0,0,0,0,1,4,Malachi Moore,"D.Martin (6-49-L), J.Diekman (1), J.Ruiz (2), V.Velasquez (5)"
152,157,153,153,Sep 25,,DET,"L,1-4",9.0,11,4,4,0,3,7,0,2,3.9,41,153,95,2.0,0.0,0,0,35,3,0,0,1,0,0,1,5,CB Bucknor,"D.Cease (4-66), R.López (1-BSv), K.Graveman (4-L), A.Bummer (2), J.Kelly (7)"
153,158,154,154,Sep 27,@,MIN,"L,0-4",8.0,10,4,4,0,1,8,1,1,3.91,35,151,98,0.0,0.0,0,0,33,3,0,0,0,0,0,1,3,Jansen Visconti,"L.Lynn (5-33-L), A.Bummer (1), V.Velasquez (2)"
154,159,155,155,Sep 28,@,MIN,"L,4-8",8.0,12,8,8,0,5,10,0,0,3.94,39,128,84,3.0,1.0,1,0,34,5,0,1,0,0,0,2,4,Vic Carapazza,"J.Cueto (5-31-L), J.Diekman (3), J.Kelly (2), J.Ruiz (3)"
155,160,156,156,Sep 29,@,MIN,"W,4-3",9.0,6,3,3,0,6,12,0,0,3.93,39,159,97,2.0,1.0,3,0,33,1,0,0,0,0,1,0,6,Jerry Meals,"L.Giolito (5-54), J.Lambert (5-H), A.Bummer (1-BSv), R.López (3-W), K.Graveman (3-H), L.Hendriks (8-Sv)"
156,161,157,157,Sep 30,@,SDP,"W,3-1",9.0,7,1,1,0,2,15,0,1,3.91,36,172,116,3.0,0.0,1,0,33,3,0,0,0,0,0,0,6,Lance Barksdale,"D.Martin (5-61-W), J.Kelly (1-H), K.Graveman (0-H), A.Bummer (0-H), J.Lambert (0-H), L.Hendriks (0-Sv)"
157,162,158,158,Oct 1,@,SDP,"L,2-5",8.0,9,5,5,0,5,9,3,0,3.92,37,152,97,2.0,1.0,0,0,32,0,0,0,0,0,0,0,4,Adam Beck,"D.Cease (5-42-L), J.Kelly (0), J.Diekman (2), V.Velasquez (3)"
158,163,159,159,Oct 2,@,SDP,"W,2-1",9.0,7,1,1,0,2,8,1,0,3.9,36,134,91,0.0,0.0,0,0,34,0,0,0,0,0,1,1,3,Rob Drake,"L.Lynn (4-69-W), R.López (2-H), L.Hendriks (1-Sv)"
159,164,160,160,Oct 3,,MIN,"W,3-2",9.0,7,2,2,0,1,8,1,2,3.89,36,138,87,0.0,0.0,0,0,33,1,0,0,0,0,0,0,3,Lance Barrett,"J.Cueto (4-61-W), K.Graveman (2-H), L.Hendriks (0-Sv)"
160,165,161,161,Oct 4,,MIN,"W,8-3",9.0,3,3,3,0,3,7,1,2,3.88,34,116,80,0.0,0.0,0,0,28,0,0,0,0,1,1,2,3,Alfonso Márquez,"L.Giolito (4-67-W), J.Diekman (2), J.Ruiz (5)"
161,166,162,162,Oct 5,,MIN,"L,1-10",9.0,10,10,10,0,6,11,2,0,3.92,42,165,100,2.0,2.0,0,0,35,3,0,0,0,1,0,1,6,Ramon De Jesus,"D.Martin (4-4-L), V.Velasquez (3), A.Bummer (4), J.Diekman (0), J.Ruiz (0), J.Lambert (4)"
