,index,Rk,Gtm,Date,Unnamed: 3,Opp,Rslt,IP,H,R,ER,UER,BB,SO,HR,HBP,ERA,BF,Pit,Str,IR,IS,SB,CS,AB,2B,3B,IBB,SH,SF,ROE,GDP,#,Umpire,Pitchers Used (Rest-GameScore-Dec)
0,0,1,1,Apr 5,,BOS,"L,2-6",9.0,11,6,6,0,6,8,2,0,6.0,43,166,100,5.0,0.0,0,1,37,1,0,1,0,0,1,1,5,John Hirschbeck,"C.Kluber (99-37-L), J.Manship (99), R.Detwiler (99), J.Chamberlain (99), T.Bauer (99)"
1,1,2,2,Apr 6,,BOS,"W,7-6",9.0,10,6,6,0,3,7,3,0,6.0,40,158,99,2.0,1.0,1,0,36,2,0,0,0,1,0,0,5,Bill Welke,"C.Carrasco (99-41), R.Detwiler (0-BSv), Z.McAllister (99-W), B.Shaw (99-H), C.Allen (99-Sv)"
2,2,3,3,Apr 8,@,CHW,"W,7-1",9.0,3,1,1,0,4,9,1,1,4.33,32,133,77,1.0,0.0,0,0,27,0,0,0,0,0,0,2,4,Todd Tichenor,"D.Salazar (99-64-W), J.Manship (2), T.Bauer (2), D.Otero (99)"
3,3,4,4,Apr 9,@,CHW,"L,3-7",8.0,10,7,7,0,3,4,2,0,5.14,38,143,89,0.0,0.0,0,0,35,1,0,1,0,0,1,0,4,Bill Miller,"C.Anderson (99-52), B.Shaw (2-BL), Z.McAllister (2), J.Chamberlain (3)"
4,4,5,5,Apr 12,@,TBR,"L,1-5",8.0,5,5,5,0,3,6,2,1,5.23,31,121,77,0.0,0.0,1,1,27,1,0,0,0,0,0,1,2,Marty Foster,"C.Kluber (6-63-L), C.Allen (5)"
5,5,6,6,Apr 13,@,TBR,"W,4-1",9.0,5,1,1,0,1,9,0,0,4.5,32,112,71,0.0,0.0,0,0,31,1,0,0,0,0,0,0,2,Mike Muchlinski,"C.Carrasco (6-77-W), C.Allen (0-Sv)"
6,6,7,7,Apr 14,@,TBR,"W,6-0",9.0,5,0,0,0,3,14,0,0,3.84,34,154,101,0.0,0.0,0,0,31,0,0,0,0,0,0,0,4,Mike Winters,"D.Salazar (5-72-W), Z.McAllister (4), B.Shaw (4), T.Bauer (5)"
7,7,8,8,Apr 15,,NYM,"L,5-6",9.0,14,6,6,0,2,8,4,1,4.11,43,159,101,3.0,1.0,0,0,40,3,0,0,0,0,1,0,5,Dale Scott,"C.Anderson (5-30-L), R.Detwiler (8), J.Chamberlain (5), T.Bauer (0), D.Otero (6)"
8,8,9,9,Apr 16,,NYM,"W,7-5",9.0,8,5,5,0,3,8,3,1,4.22,38,155,95,0.0,0.0,0,0,34,3,0,0,0,0,0,0,5,Dan Iassogna,"J.Tomlin (99-61-W), J.Manship (7-H), Z.McAllister (1), B.Shaw (1), C.Allen (2-Sv)"
9,9,10,10,Apr 17,,NYM,"L,0-6",9.0,9,6,6,0,2,10,0,0,4.4,39,145,94,0.0,0.0,0,0,37,3,1,0,0,0,1,0,4,Bob Davidson,"C.Kluber (4-37-L), R.Detwiler (1), J.Chamberlain (1), D.Otero (1)"
10,10,11,11,Apr 19,,SEA,"W,3-2",9.0,6,2,2,0,3,8,1,0,4.18,36,140,93,1.0,0.0,1,0,33,3,0,0,0,0,0,0,4,Alan Porter,"C.Carrasco (5-63-W), Z.McAllister (2-H), B.Shaw (2-H), C.Allen (2-Sv)"
11,11,12,12,Apr 20,,SEA,"L,1-2",9.0,3,2,2,0,3,9,0,0,3.99,34,140,86,0.0,0.0,0,0,31,0,1,0,0,0,1,0,3,John Tumpane,"D.Salazar (5-67-L), R.Detwiler (2), J.Manship (3)"
12,12,13,13,Apr 21,,SEA,"L,7-10",10.0,15,10,10,0,5,7,2,2,4.42,49,178,108,3.0,1.0,0,0,41,2,0,0,0,1,0,1,7,Lance Barksdale,"C.Anderson (5-26), T.Bauer (5), Z.McAllister (1), R.Detwiler (0), J.Chamberlain (3), C.Allen (1-L), B.Shaw (1)"
13,13,14,14,Apr 22,@,DET,"W,2-1",9.0,4,1,1,0,1,7,0,0,4.18,32,112,72,1.0,0.0,0,0,31,2,0,0,0,0,0,0,4,Eric Cooper,"J.Tomlin (5-65-W), Z.McAllister (0-H), B.Shaw (0-H), C.Allen (0-Sv)"
14,14,15,15,Apr 23,@,DET,"W,10-1",9.0,2,1,1,0,0,12,1,0,3.96,29,118,76,0.0,0.0,0,0,29,0,0,0,0,0,1,1,2,Adrian Johnson,"C.Kluber (5-84-W), D.Otero (5)"
15,15,16,16,Apr 24,@,DET,"W,6-3",9.0,7,3,3,0,4,11,0,0,3.9,37,149,95,3.0,0.0,0,1,33,1,0,0,0,0,0,0,6,Ramon De Jesus,"C.Carrasco (4-58), T.Bauer (2-W), Z.McAllister (1), B.Shaw (1), J.Manship (3-H), C.Allen (1-Sv)"
16,16,17,17,Apr 25,@,MIN,"L,3-4",8.0,5,4,4,0,4,5,1,0,3.93,33,143,83,2.0,1.0,0,0,29,2,0,1,0,0,0,0,6,Jeff Nelson,"D.Salazar (4-45), J.Manship (0), R.Detwiler (3), J.Chamberlain (3), B.Shaw (0), Z.McAllister (0-L)"
17,17,18,18,Apr 26,@,MIN,"L,5-6",8.1,14,6,6,0,3,6,1,0,4.07,40,148,95,0.0,0.0,1,1,37,6,0,1,0,0,0,0,4,Doug Eddings,"C.Anderson (4-32), D.Otero (2), J.Manship (0), C.Allen (1-L)"
18,18,19,19,Apr 27,@,MIN,"W,6-5",9.0,9,5,4,1,3,7,1,0,4.06,39,142,89,0.0,0.0,2,0,35,2,0,0,0,1,0,0,5,Laz Diaz,"J.Tomlin (4-38-W), K.Crockett (99-H), Z.McAllister (1-H), B.Shaw (1-H), C.Allen (0-Sv)"
19,19,20,20,Apr 29,@,PHI,"L,3-4",10.0,10,4,3,1,2,8,1,0,3.99,40,143,95,3.0,0.0,0,0,37,3,0,2,1,0,1,2,5,Chris Guccione,"C.Kluber (5-63), B.Shaw (1), Z.McAllister (1), J.Manship (2), C.Allen (1-L)"
20,20,21,21,Apr 30,@,PHI,"L,3-4",8.0,7,4,4,0,3,6,1,0,4.01,33,126,79,4.0,0.0,0,0,29,1,0,0,1,0,0,0,5,David Rackley,"T.Bauer (5-42), K.Crockett (2), J.Chamberlain (4), T.Hunter (99-L), D.Otero (3)"
21,22,22,22,May 1,@,PHI,"L,1-2",8.0,4,2,2,0,2,8,0,0,3.94,27,110,73,0.0,0.0,0,1,25,0,1,0,0,0,0,2,2,Larry Vanover,"D.Salazar (5-69-L), J.Manship (1)"
22,23,23,23,May 3,,DET,"W,7-3",9.0,12,3,3,0,1,10,1,1,3.9,39,163,102,2.0,0.0,0,0,37,0,0,0,0,0,0,0,5,Chris Conroy,"J.Tomlin (5-51-W), T.Hunter (2), Z.McAllister (3), B.Shaw (3-H), C.Allen (3)"
23,24,24,24,May 4,,DET,"W,4-0",9.0,5,0,0,0,2,7,0,0,3.73,32,111,77,,,0,0,30,1,0,0,0,0,0,2,1,Gabe Morales,C.Kluber (4-82-W)
24,25,25,25,May 5,,DET,"W,9-4",9.0,5,4,4,0,2,8,1,0,3.74,35,149,94,1.0,0.0,0,0,33,2,0,0,0,0,1,0,5,Jerry Meals,"T.Bauer (4-53-W), J.Manship (3-H), Z.McAllister (1-H), B.Shaw (1-H), J.Chamberlain (4)"
25,26,26,26,May 6,,KCR,"W,7-1",9.0,9,1,1,0,1,9,0,0,3.63,36,137,94,0.0,0.0,0,1,35,0,0,0,0,0,0,0,3,Mike DiMuro,"D.Salazar (4-79-W), T.Hunter (2), D.Otero (5)"
26,27,27,27,May 7,,KCR,"L,0-7",9.0,12,7,7,0,1,6,1,0,3.76,38,135,91,3.0,1.0,1,0,37,2,0,0,0,0,0,2,5,Ryan Blakney,"C.Anderson (10-40-L), K.Crockett (6), J.Chamberlain (1), J.Manship (1), D.Otero (0)"
27,28,28,28,May 8,,KCR,"W,5-4",9.0,9,4,4,0,1,6,1,0,3.77,34,117,77,3.0,1.0,0,1,33,4,0,0,0,0,0,1,4,Quinn Wolcott,"J.Tomlin (4-45-W), Z.McAllister (2-H), B.Shaw (2-H), C.Allen (4-Sv)"
28,29,29,29,May 9,@,HOU,"L,1-7",8.0,8,7,6,1,5,9,0,0,3.86,37,141,85,2.0,0.0,1,0,31,4,0,0,0,1,0,0,6,Lance Barrett,"C.Kluber (4-28-L), K.Crockett (1), J.Manship (1), J.Chamberlain (1), T.Hunter (2), D.Otero (1)"
29,30,30,30,May 10,@,HOU,"W,4-0",9.0,4,0,0,0,4,9,0,0,3.73,33,138,84,0.0,0.0,0,1,29,1,0,0,0,0,0,1,3,Dan Iassogna,"T.Bauer (4-75-W), B.Shaw (1), C.Allen (1)"
30,31,31,31,May 11,@,HOU,"L,3-5",15.1,10,5,5,0,12,18,2,0,3.69,68,267,150,7.0,0.0,1,0,54,2,0,2,2,0,0,0,10,Dale Scott,"D.Salazar (4-59), T.Hunter (1-BSv), K.Crockett (1), Z.McAllister (2), B.Shaw (0), J.Chamberlain (1), J.Manship (1), C.Allen (0), D.Otero (1), C.Anderson (3-L)"
31,32,32,32,May 13,,MIN,"W,7-6",9.0,8,6,5,1,5,8,4,0,3.73,41,162,100,3.0,0.0,1,0,36,1,0,1,0,0,1,0,5,Ted Barrett,"J.Tomlin (4-53), K.Crockett (1), B.Shaw (1), Z.McAllister (1-W), C.Allen (1-Sv)"
32,33,33,33,May 14,,MIN,"L,3-6",9.0,11,6,6,0,4,7,1,1,3.8,42,159,98,2.0,1.0,1,0,36,2,0,0,0,1,0,1,4,Angel Hernandez,"C.Kluber (4-48-L), T.Hunter (2), K.Crockett (0), D.Otero (2)"
33,34,34,34,May 15,,MIN,"L,1-5",9.0,7,5,3,2,2,13,1,0,3.77,36,150,97,1.0,0.0,0,0,34,2,0,0,0,0,1,1,3,Sean Barber,"T.Bauer (4-58-L), J.Chamberlain (3), J.Manship (3)"
34,35,35,35,May 16,,CIN,"W,15-6",9.0,12,6,6,0,2,5,2,0,3.84,38,141,96,5.0,2.0,0,1,36,2,0,1,0,0,1,2,5,Paul Emmel,"C.Anderson (4-21), K.Crockett (1), T.Hunter (1-W), Z.McAllister (2), D.Otero (1)"
35,36,36,36,May 17,,CIN,"W,13-1",9.0,5,1,1,0,2,9,0,0,3.76,34,122,82,1.0,0.0,0,0,31,1,0,0,0,1,0,0,3,Mike Everitt,"D.Salazar (5-71-W), B.Shaw (3), C.Allen (3)"
36,37,37,37,May 18,@,CIN,"W,8-7",12.0,10,7,7,0,3,14,3,0,3.81,49,205,139,3.0,2.0,1,0,46,2,0,1,0,0,0,0,8,Tim Timmons,"M.Clevinger (99-46), K.Crockett (1), Z.McAllister (1-BSv), J.Chamberlain (2), J.Manship (2), B.Shaw (0), C.Allen (0-W), D.Otero (1-Sv)"
37,38,38,38,May 19,@,CIN,"W,7-2",9.0,5,2,2,0,1,8,1,0,3.76,33,109,80,1.0,0.0,0,0,32,2,0,0,0,0,0,0,3,Ryan Blakney,"J.Tomlin (5-67-W), K.Crockett (0), T.Hunter (2)"
38,39,39,39,May 20,@,BOS,"W,4-2",9.0,6,2,2,0,3,9,1,0,3.72,35,141,85,0.0,0.0,0,0,31,2,0,0,1,0,1,2,3,Chad Fairchild,"C.Kluber (5-63-W), B.Shaw (1-H), C.Allen (1-Sv)"
39,40,40,40,May 21,@,BOS,"L,1-9",8.0,13,9,9,0,6,1,2,1,3.86,44,174,103,6.0,3.0,0,0,37,4,0,2,0,0,0,0,5,Jim Joyce,"T.Bauer (5-33-L), J.Manship (2), K.Crockett (1), J.Chamberlain (2), D.Otero (2)"
40,41,41,41,May 22,@,BOS,"L,2-5",8.0,12,5,5,0,5,11,1,0,3.9,41,175,109,1.0,0.0,0,0,36,3,0,1,0,0,0,0,4,Marvin Hudson,"D.Salazar (4-34-L), T.Hunter (2), Z.McAllister (3), A.Adams (99)"
41,42,42,42,May 23(1),@,CHW,"L,6-7",8.0,10,7,6,1,8,7,2,0,3.96,43,160,86,3.0,1.0,2,0,34,2,0,1,1,0,2,0,3,Joe West,"M.Clevinger (4-30-L), D.Otero (1), A.Adams (0)"
42,43,43,43,May 23(2),@,CHW,"W,5-1",9.0,6,1,1,0,1,11,0,0,3.89,34,142,94,0.0,0.0,0,0,33,1,1,0,0,0,0,0,3,Andy Fletcher,"C.Anderson (6-72-W), B.Shaw (2), C.Allen (2)"
43,44,44,44,May 24,@,CHW,"W,6-2",9.0,6,2,2,0,1,7,1,0,3.85,33,118,90,0.0,0.0,0,0,32,3,0,0,0,0,0,0,2,Kerwin Danley,"J.Tomlin (4-69-W), C.Allen (0)"
44,45,45,45,May 25,@,CHW,"W,4-3",9.0,9,3,2,1,1,11,1,0,3.81,37,135,96,1.0,1.0,2,0,36,0,0,0,0,0,0,0,3,Toby Basner,"C.Kluber (4-66-W), B.Shaw (1-H), C.Allen (0-Sv)"
45,46,46,46,May 27,,BAL,"L,4-6",9.0,13,6,6,0,2,6,1,1,3.85,41,147,96,0.0,0.0,0,0,38,3,0,0,0,0,0,1,4,Lance Barksdale,"T.Bauer (5-44), Z.McAllister (4-L), J.Manship (5), D.Otero (3)"
46,47,47,47,May 28,,BAL,"W,11-4",9.0,10,4,4,0,3,10,0,0,3.86,39,163,107,1.0,0.0,0,0,35,6,0,0,0,1,0,1,5,Jim Wolf,"D.Salazar (5-55-W), T.Hunter (5), B.Shaw (2), Z.McAllister (0), A.Adams (4)"
47,48,48,48,May 29,,BAL,"L,4-6",9.0,8,6,6,0,4,12,2,0,3.9,39,162,98,0.0,0.0,0,0,34,3,0,0,0,1,0,0,5,Adrian Johnson,"M.Clevinger (5-39), D.Otero (1), J.Manship (1-L), A.Adams (0), T.Hunter (0)"
48,49,49,49,May 30,,TEX,"L,2-9",9.0,11,9,4,5,1,3,2,0,3.9,40,132,89,2.0,2.0,0,0,38,2,0,0,0,1,3,2,4,Manny Gonzalez,"J.Tomlin (5-20-L), A.Adams (0), R.Merritt (99), C.Allen (4)"
49,50,50,50,May 31,,TEX,"L,3-7",9.0,11,7,7,0,0,7,2,0,3.97,37,141,99,1.0,1.0,1,0,37,2,0,0,0,0,0,0,3,Gabe Morales,"C.Kluber (5-43-L), B.Shaw (2), S.Armstrong (99)"
50,52,51,51,Jun 1,,TEX,"W,5-4",11.0,8,4,4,0,4,9,1,0,3.95,44,168,105,2.0,0.0,0,0,39,1,0,0,0,1,0,1,6,Tripp Gibson,"T.Bauer (4-60), B.Shaw (0), C.Allen (1-BSv), D.Otero (2), J.Manship (2), T.Gorzelanny (99-W)"
51,53,52,52,Jun 2,,KCR,"W,5-4",9.0,12,4,4,0,2,5,2,0,3.95,38,132,88,2.0,0.0,0,1,36,0,0,0,0,0,0,2,4,Rob Drake,"C.Carrasco (38-38), A.Adams (2), Z.McAllister (4), T.Hunter (3-W)"
52,54,53,53,Jun 3,,KCR,"W,6-1",9.0,3,1,1,0,5,9,1,0,3.89,33,126,78,0.0,0.0,0,0,28,0,0,1,0,0,0,1,2,Carlos Torres,"D.Salazar (5-76-W), B.Shaw (1)"
53,55,54,54,Jun 4,,KCR,"W,7-1",9.0,7,1,1,0,1,6,0,0,3.84,35,125,87,2.0,0.0,1,0,33,2,0,0,1,0,0,0,3,Sam Holbrook,"J.Tomlin (4-58-W), J.Manship (2-H), D.Otero (2)"
54,56,55,55,Jun 5,,KCR,"W,7-0",9.0,3,0,0,0,2,11,0,0,3.77,31,121,86,0.0,0.0,1,0,29,1,0,0,0,0,0,1,3,Gerry Davis,"C.Kluber (4-72-W), Z.McAllister (2), A.Adams (2)"
55,57,56,56,Jun 6,@,SEA,"W,3-1",9.0,5,1,1,0,1,13,0,0,3.72,33,125,86,1.0,0.0,1,0,32,2,0,0,0,0,0,0,3,D.J. Reyburn,"T.Bauer (4-74-W), B.Shaw (2-H), C.Allen (4-Sv)"
56,58,57,57,Jun 7,@,SEA,"L,1-7",8.0,11,7,7,0,5,8,2,0,3.79,37,154,89,1.0,0.0,0,0,32,1,1,0,0,0,0,1,5,Bill Welke,"C.Anderson (14-27-L), T.Gorzelanny (5), J.Manship (2), T.Hunter (4), D.Otero (2)"
57,59,58,58,Jun 8,@,SEA,"L,0-5",8.0,7,5,5,0,2,7,2,2,3.82,34,134,82,1.0,1.0,3,0,30,2,0,1,0,0,0,1,3,Mike Muchlinski,"C.Carrasco (5-53-L), Z.McAllister (2), J.Chamberlain (17)"
58,60,59,59,Jun 9,@,SEA,"W,5-3",9.0,13,3,3,0,1,8,3,0,3.8,39,158,106,3.0,0.0,0,0,38,2,0,0,0,0,0,0,4,John Hirschbeck,"J.Tomlin (4-51), D.Otero (1-W), B.Shaw (2-H), C.Allen (2-Sv)"
59,61,60,60,Jun 10,@,LAA,"W,6-2",9.0,3,2,2,0,1,8,0,0,3.77,31,114,73,,,0,0,30,1,0,0,0,0,0,0,1,Andy Fletcher,C.Kluber (4-80-W)
60,62,61,61,Jun 11,@,LAA,"L,3-4",8.1,11,4,3,1,2,3,0,0,3.76,37,123,78,0.0,0.0,0,0,34,1,0,0,1,0,1,1,2,Rob Drake,"T.Bauer (4-56), B.Shaw (1-L)"
61,63,62,62,Jun 12,@,LAA,"W,8-3",9.0,7,3,2,1,5,10,1,1,3.74,39,175,107,1.0,0.0,0,0,33,2,0,0,0,0,1,1,5,Mark Ripperger,"D.Salazar (8-63-W), D.Otero (2), T.Gorzelanny (4), T.Hunter (4), Z.McAllister (3)"
62,64,63,63,Jun 13,@,KCR,"L,1-2",8.0,11,2,2,0,1,9,1,0,3.71,34,139,93,0.0,0.0,0,1,33,0,1,0,0,0,0,1,3,Eric Cooper,"C.Carrasco (4-51-L), J.Manship (5), J.Chamberlain (4)"
63,65,64,64,Jun 14,@,KCR,"L,2-3",8.0,9,3,3,0,0,6,2,0,3.71,33,119,76,0.0,0.0,0,0,32,1,0,0,1,0,0,0,2,Jim Wolf,"J.Tomlin (4-64), B.Shaw (2-BL)"
64,66,65,65,Jun 15,@,KCR,"L,4-9",8.0,10,9,6,3,3,10,1,0,3.75,40,135,92,8.0,3.0,0,0,35,3,0,1,2,0,3,0,6,Ramon De Jesus,"C.Kluber (4-31-L), D.Otero (2), T.Gorzelanny (2), J.Manship (1), Z.McAllister (2), C.Allen (5)"
65,67,66,66,Jun 17,,CHW,"W,3-2",9.0,7,2,2,0,4,13,0,0,3.72,37,148,92,0.0,0.0,1,0,33,3,1,1,0,0,0,0,3,Todd Tichenor,"T.Bauer (5-71), B.Shaw (2), C.Allen (1-BW)"
66,68,67,67,Jun 18,,CHW,"W,13-2",9.0,7,2,2,0,1,11,1,0,3.7,35,145,98,0.0,0.0,0,0,34,1,0,0,0,0,0,0,4,Bill Miller,"D.Salazar (5-62-W), J.Chamberlain (4), T.Hunter (5), D.Otero (2)"
67,69,68,68,Jun 19,,CHW,"W,3-2",10.0,6,2,2,0,5,10,1,0,3.67,39,144,88,1.0,0.0,0,0,33,3,0,0,1,0,1,3,4,Tom Woodring,"C.Carrasco (5-62), B.Shaw (1), C.Allen (1), D.Otero (0-W)"
68,70,69,69,Jun 20,,TBR,"W,7-4",9.0,5,4,3,1,0,7,2,1,3.66,33,128,91,0.0,0.0,0,0,32,0,1,0,0,0,2,2,3,Angel Hernandez,"J.Tomlin (5-56), B.Shaw (0-W), C.Allen (0-Sv)"
69,71,70,70,Jun 21,,TBR,"W,6-0",9.0,3,0,0,0,2,9,0,0,3.61,32,115,72,,,0,1,30,0,0,0,0,0,0,0,1,Lance Barksdale,C.Kluber (5-88-W)
70,72,71,71,Jun 22,,TBR,"W,6-1",9.0,3,1,1,0,1,10,0,0,3.57,30,113,75,,,0,0,29,1,0,0,0,0,1,1,1,Ted Barrett,T.Bauer (4-86-W)
71,73,72,72,Jun 24,@,DET,"W,7-5",9.0,9,5,3,2,5,5,0,0,3.56,39,153,92,1.0,0.0,1,0,33,0,0,0,0,1,0,2,4,CB Bucknor,"D.Salazar (5-47-W), D.Otero (4), B.Shaw (3), C.Allen (3)"
72,74,73,73,Jun 25,@,DET,"W,6-0",9.0,4,0,0,0,1,7,0,0,3.51,32,117,82,,,0,0,31,2,0,0,0,0,0,0,1,Fieldin Culbreth,C.Carrasco (5-85-W)
73,75,74,74,Jun 26,@,DET,"W,9-3",9.0,6,3,3,0,1,4,3,0,3.51,34,112,78,0.0,0.0,0,0,33,0,0,0,0,0,0,0,2,Jim Reynolds,"J.Tomlin (5-60-W), Z.McAllister (10)"
74,76,75,75,Jun 27,@,ATL,"W,8-3",9.0,8,3,3,0,4,9,1,0,3.5,38,156,97,0.0,0.0,0,1,33,2,0,0,0,1,0,0,5,Jerry Layne,"T.Bauer (4-56-W), J.Manship (11-H), T.Gorzelanny (11-H), T.Hunter (8), J.Chamberlain (8)"
75,77,76,76,Jun 28,@,ATL,"W,5-3",9.0,5,3,3,0,1,8,1,0,3.49,31,104,74,0.0,0.0,0,0,29,0,1,0,1,0,0,1,2,Tripp Gibson,"C.Kluber (6-74-W), C.Allen (3-Sv)"
76,78,77,77,Jun 29,@,ATL,"W,3-0",9.0,7,0,0,0,2,10,0,0,3.45,35,139,93,0.0,0.0,0,0,33,3,0,0,0,0,0,1,3,Hunter Wendelstedt,"D.Salazar (4-75-W), B.Shaw (4-H), C.Allen (0-Sv)"
77,79,78,78,Jun 30,@,TOR,"W,4-1",9.0,3,1,1,0,3,17,1,0,3.42,32,140,95,1.0,0.0,0,0,29,1,0,0,0,0,0,1,3,Bill Welke,"C.Carrasco (4-80-W), B.Shaw (0-H), C.Allen (0-Sv)"
78,81,79,79,Jul 1,@,TOR,"W,2-1",19.0,11,1,1,0,8,18,1,1,3.34,75,301,186,0.0,0.0,3,0,65,1,0,1,1,0,0,1,9,Vic Carapazza,"J.Tomlin (4-60), D.Otero (6), T.Gorzelanny (3), J.Manship (3), B.Shaw (0), Z.McAllister (4), T.Hunter (3), J.Chamberlain (3), T.Bauer (3-W)"
79,82,80,80,Jul 2,@,TOR,"L,6-9",8.0,12,9,9,0,5,10,3,1,3.41,42,166,92,1.0,1.0,3,0,36,1,0,0,0,0,1,1,5,D.J. Reyburn,"Z.McAllister (0-39), J.Manship (0), S.Morimando (99), D.Otero (0-L), T.Hunter (0)"
80,83,81,81,Jul 3,@,TOR,"L,1-17",8.0,18,17,17,0,10,5,3,0,3.58,53,209,119,4.0,3.0,0,1,40,5,0,2,1,2,2,0,5,John Hirschbeck,"C.Kluber (4-26-L), J.Chamberlain (1), T.Gorzelanny (1), T.Hunter (0), C.Gimenez (99)"
81,84,82,82,Jul 4,,DET,"W,5-3",9.0,9,3,3,0,3,8,2,0,3.58,36,147,95,2.0,0.0,0,0,33,1,0,0,0,0,0,3,4,Mike Everitt,"D.Salazar (4-46), J.Manship (1-W), B.Shaw (2-H), C.Allen (3-Sv)"
82,85,83,83,Jul 5,,DET,"W,12-1",9.0,4,1,1,0,5,8,0,0,3.55,34,136,86,0.0,0.0,0,0,29,0,0,0,0,0,0,2,3,Jordan Baker,"C.Carrasco (4-64-W), D.Otero (2), M.Clevinger (36)"
83,86,84,84,Jul 6,,DET,"L,2-12",9.0,12,12,9,3,2,9,2,0,3.61,41,165,106,2.0,2.0,0,0,38,2,0,0,0,1,1,1,5,Tim Timmons,"J.Tomlin (4-27-L), T.Hunter (2), Z.McAllister (3), T.House (99), J.Manship (1)"
84,87,85,85,Jul 7,,NYY,"L,4-5",9.0,11,5,5,0,4,9,1,0,3.63,41,143,94,1.0,1.0,0,1,36,0,0,0,0,1,0,0,5,Dan Bellino,"T.Bauer (5-35-L), T.House (0), D.Otero (1), B.Shaw (2), C.Allen (2)"
85,88,86,86,Jul 8,,NYY,"W,10-2",9.0,7,2,2,0,0,9,1,0,3.61,33,112,79,0.0,0.0,0,0,33,3,0,0,0,0,0,1,2,Tom Hallion,"C.Kluber (4-76-W), J.Colon (99)"
86,89,87,87,Jul 9,,NYY,"L,6-7",11.0,14,7,7,0,5,12,1,0,3.64,51,218,140,4.0,3.0,0,0,46,3,1,1,0,0,0,1,7,Phil Cuzzi,"D.Salazar (4-32), D.Otero (1-BSv), T.House (1), J.Manship (2), B.Shaw (1), C.Allen (1), T.Hunter (2-L)"
87,90,88,88,Jul 10,,NYY,"L,7-11",9.0,13,11,3,8,3,8,1,1,3.63,47,182,118,9.0,4.0,0,0,41,4,0,0,0,2,3,0,7,Ramon De Jesus,"C.Carrasco (4-41-L), A.Adams (34), J.Manship (0), T.House (0), J.Colon (1), D.Otero (0), B.Shaw (0)"
88,91,89,89,Jul 15,@,MIN,"W,5-2",9.0,4,2,2,0,1,7,1,1,3.61,32,136,86,1.0,0.0,0,0,29,1,0,0,0,1,0,0,4,Larry Vanover,"C.Carrasco (4-60-W), J.Manship (4-H), B.Shaw (4-H), C.Allen (5-Sv)"
89,92,90,90,Jul 16,@,MIN,"L,4-5",10.1,10,5,3,2,6,12,0,0,3.6,50,202,126,4.0,2.0,1,0,43,5,0,2,0,1,2,0,6,Chris Guccione,"T.Bauer (8-47), J.Manship (0-BSv), D.Otero (5), B.Shaw (0), C.Allen (0), J.Colon (5-L)"
90,93,91,91,Jul 17,@,MIN,"W,6-1",9.0,6,1,1,0,1,5,1,1,3.57,35,123,84,1.0,0.0,0,0,33,1,0,0,0,0,0,0,2,David Rackley,"J.Tomlin (10-66-W), A.Adams (6)"
91,94,92,92,Jul 18,@,KCR,"L,3-7",8.0,10,7,7,0,6,8,1,1,3.61,37,128,77,2.0,2.0,1,1,30,2,1,0,0,0,0,1,3,Jeff Nelson,"C.Kluber (9-72), B.Shaw (1-BL), J.Manship (1)"
92,95,93,93,Jul 19,@,KCR,"W,7-3",9.0,8,3,2,1,1,11,0,0,3.59,36,129,88,1.0,0.0,0,0,34,0,0,0,0,1,0,0,4,Doug Eddings,"D.Salazar (9-54-W), K.Crockett (58-H), B.Shaw (0-H), C.Allen (2)"
93,96,94,94,Jul 20,@,KCR,"W,11-4",9.0,7,4,4,0,2,7,0,0,3.6,36,134,88,1.0,0.0,0,0,34,5,0,0,0,0,0,0,5,Ryan Blakney,"C.Carrasco (4-74-W), D.Otero (3), A.Adams (2), J.Manship (1), K.Crockett (0)"
94,97,95,95,Jul 22,@,BAL,"L,1-5",8.0,10,5,5,0,4,6,2,0,3.62,36,125,78,3.0,0.0,0,0,30,0,0,0,1,1,0,2,5,Pat Hoberg,"T.Bauer (5-33-L), J.Manship (1), C.Anderson (44), D.Otero (1), A.Adams (1)"
95,98,96,96,Jul 23,@,BAL,"L,2-5",8.0,10,5,5,0,0,9,2,0,3.64,33,129,90,0.0,0.0,0,0,33,0,0,0,0,0,0,1,3,Quinn Wolcott,"J.Tomlin (5-50-L), J.Manship (0), K.Crockett (2)"
96,99,97,97,Jul 24,@,BAL,"L,3-5",8.2,7,5,3,2,3,11,2,0,3.63,36,135,87,0.0,0.0,0,0,32,1,0,0,1,0,0,0,3,Lance Barksdale,"C.Kluber (5-60), B.Shaw (4), C.Allen (4-L)"
97,100,98,98,Jul 26,,WSN,"W,7-6",9.0,10,6,5,1,2,7,2,1,3.64,39,168,102,4.0,1.0,1,0,36,4,0,0,0,0,1,0,6,Alan Porter,"D.Salazar (6-39), K.Crockett (2), J.Manship (2), D.Otero (3), A.Adams (3), B.Shaw (1-W)"
98,101,99,99,Jul 27,,WSN,"L,1-4",9.0,6,4,4,0,4,8,1,0,3.65,36,149,96,2.0,0.0,1,0,31,3,0,0,1,0,0,1,5,Jeff Kellogg,"C.Carrasco (6-56-L), D.Otero (0), K.Crockett (0), B.Shaw (0), C.Allen (2)"
99,102,100,100,Jul 29,,OAK,"W,5-3",9.0,7,3,2,1,3,8,2,0,3.63,39,161,98,2.0,0.0,0,0,36,0,0,0,0,0,2,0,5,Scott Barry,"T.Bauer (6-50), D.Otero (1), C.Anderson (6-W), B.Shaw (1-H), C.Allen (1-Sv)"
100,103,101,101,Jul 30,,OAK,"W,6-3",9.0,8,3,3,0,2,9,2,0,3.63,36,132,88,0.0,0.0,0,0,34,1,0,0,0,0,0,0,3,Tripp Gibson,"J.Tomlin (6-62-W), B.Shaw (0), C.Allen (0)"
101,104,102,102,Jul 31,,OAK,"W,8-0",9.0,6,0,0,0,3,8,0,0,3.59,35,133,85,2.0,0.0,0,0,32,4,0,0,0,0,0,1,4,Hunter Wendelstedt,"C.Kluber (6-72-W), Z.McAllister (24), K.Crockett (3), A.Adams (4)"
102,106,103,103,Aug 1,,MIN,"L,5-12",9.0,19,12,12,0,4,9,5,0,3.67,49,179,112,3.0,1.0,0,1,45,3,2,0,0,0,0,0,6,Fieldin Culbreth,"D.Salazar (5-21-L), A.Adams (0), K.Crockett (0), C.Anderson (2), A.Miller (5), Z.McAllister (0)"
103,107,104,104,Aug 2,,MIN,"L,6-10",9.0,14,10,10,0,4,5,3,0,3.73,43,182,116,3.0,0.0,2,0,39,6,0,1,0,0,0,2,6,CB Bucknor,"C.Carrasco (5-10-L), D.Otero (3), K.Crockett (0), B.Shaw (2), C.Allen (2), A.Adams (0)"
104,108,105,105,Aug 3,,MIN,"L,5-13",9.0,15,13,12,1,7,4,1,0,3.81,47,188,114,2.0,1.0,0,0,39,4,2,0,1,0,0,1,5,Manny Gonzalez,"T.Bauer (4-8-L), S.Armstrong (63), Z.McAllister (1), C.Anderson (1), D.Otero (0)"
105,109,106,106,Aug 4,,MIN,"W,9-2",9.0,7,2,2,0,5,8,1,0,3.79,36,153,93,2.0,0.0,0,0,31,1,0,0,0,0,0,1,5,Jim Reynolds,"M.Clevinger (29-40), D.Otero (0-W), A.Miller (2-H), B.Shaw (1), R.Merritt (65)"
106,110,107,107,Aug 5,@,NYY,"L,7-13",8.0,16,13,13,0,8,4,2,0,3.88,47,178,98,2.0,1.0,0,0,39,4,1,2,0,0,0,1,4,Dale Scott,"J.Tomlin (5-18-L), Z.McAllister (1), S.Morimando (33), K.Crockett (2)"
107,111,108,108,Aug 6,@,NYY,"W,5-2",9.0,6,2,1,1,1,10,0,0,3.86,31,117,79,0.0,0.0,0,1,30,1,0,0,0,0,0,1,2,Bob Davidson,"C.Kluber (5-73-W), A.Miller (1-Sv)"
108,112,109,109,Aug 7,@,NYY,"L,2-3",8.0,5,3,3,0,2,12,1,1,3.85,31,108,72,0.0,0.0,0,0,27,1,1,0,0,1,0,0,2,Lance Barrett,"C.Carrasco (4-62-L), C.Allen (4)"
109,113,110,110,Aug 9,@,WSN,"W,3-1",9.0,6,1,1,0,3,9,1,0,3.83,37,143,90,1.0,0.0,0,0,34,2,0,0,0,0,1,1,4,Jerry Meals,"T.Bauer (5-67-W), A.Miller (2-H), B.Shaw (4-H), C.Allen (1-Sv)"
110,114,111,111,Aug 10,@,WSN,"L,4-7",8.0,11,7,7,0,1,8,1,0,3.86,36,124,88,2.0,2.0,0,0,35,5,0,0,0,0,0,0,3,Ryan Blakney,"J.Tomlin (4-21-L), D.Otero (5), Z.McAllister (4)"
111,115,112,112,Aug 11,,LAA,"W,14-4",9.0,6,4,4,0,4,5,2,0,3.86,36,138,84,0.0,0.0,0,0,31,1,0,0,0,1,0,1,4,Alfonso Marquez,"C.Kluber (4-53-W), J.Manship (15), Z.McAllister (0), K.Crockett (5)"
112,116,113,113,Aug 12,,LAA,"W,13-3",9.0,8,3,3,0,0,9,1,0,3.85,35,123,84,0.0,0.0,0,0,35,3,0,0,0,0,0,0,3,Larry Vanover,"C.Carrasco (4-57-W), B.Shaw (2), Z.McAllister (0)"
113,117,114,114,Aug 13,,LAA,"W,5-1",9.0,1,1,1,0,6,7,0,0,3.83,33,133,81,2.0,0.0,1,0,27,0,0,0,0,0,0,1,5,David Rackley,"M.Clevinger (8-62-W), D.Otero (2-H), B.Shaw (0), A.Miller (3), C.Allen (3)"
114,118,115,115,Aug 14,,LAA,"W,5-4",9.0,5,4,4,0,2,7,2,1,3.83,33,133,89,0.0,0.0,0,1,30,1,1,0,0,0,0,1,3,Clint Fagan,"T.Bauer (4-48-W), A.Miller (0-H), C.Allen (0-Sv)"
115,119,116,116,Aug 15,,BOS,"L,2-3",9.0,10,3,3,0,1,5,2,0,3.82,37,139,97,1.0,0.0,0,0,36,1,0,0,0,0,0,1,4,Chad Whitson,"J.Tomlin (4-56-L), K.Crockett (3), J.Manship (3), Z.McAllister (2)"
116,120,117,117,Aug 16,,CHW,"W,3-1",9.0,7,1,1,0,2,9,1,0,3.8,35,141,92,0.0,0.0,0,0,33,3,0,0,0,0,0,1,3,Gary Cederstrom,"C.Kluber (4-59-W), A.Miller (1-H), C.Allen (1-Sv)"
117,121,118,118,Aug 17,,CHW,"L,7-10",9.0,13,10,9,1,1,12,2,0,3.84,39,146,103,1.0,0.0,0,1,38,3,0,0,0,0,1,1,5,Jim Wolf,"C.Carrasco (4-51), K.Crockett (1-H), B.Shaw (3-H), C.Allen (0-BL), D.Otero (3)"
118,122,119,119,Aug 18,,CHW,"W,5-4",9.0,6,4,4,0,4,8,0,0,3.84,36,148,93,1.0,1.0,0,0,31,3,0,0,1,0,0,1,5,Adrian Johnson,"D.Salazar (16-37), K.Crockett (0), M.Clevinger (4), D.Otero (0), A.Miller (1-W)"
119,123,120,120,Aug 19,,TOR,"W,3-2",9.0,5,2,2,0,2,15,1,0,3.83,33,121,80,0.0,0.0,0,0,31,0,0,0,0,0,0,1,2,Mike Estabrook,"T.Bauer (4-75), J.Manship (3-W)"
120,124,121,121,Aug 20,,TOR,"L,5-6",9.0,14,6,6,0,1,9,3,0,3.85,41,154,98,1.0,0.0,0,0,40,2,0,0,0,0,0,1,5,Greg Gibson,"J.Tomlin (4-25-L), D.Otero (1), B.Shaw (2), Z.McAllister (4), J.Manship (0)"
121,125,122,122,Aug 21,,TOR,"W,3-2",9.0,7,2,2,0,7,13,1,0,3.83,40,166,104,3.0,0.0,0,1,33,2,0,0,0,0,0,0,3,Ramon De Jesus,"C.Kluber (4-58), M.Clevinger (2-W), C.Allen (3-Sv)"
122,126,123,123,Aug 22,@,OAK,"W,1-0",9.0,4,0,0,0,0,12,0,0,3.8,31,112,80,0.0,0.0,0,0,31,1,0,0,0,0,1,0,2,Brian Gorman,"C.Carrasco (4-83-W), A.Miller (3-Sv)"
123,127,124,124,Aug 23,@,OAK,"L,1-9",8.0,13,9,9,0,3,7,1,0,3.84,40,141,88,1.0,1.0,0,1,36,5,0,0,0,1,1,0,4,Mark Carlson,"D.Salazar (4-21-L), Z.McAllister (2), J.Manship (2), M.Clevinger (1)"
124,128,125,125,Aug 24,@,OAK,"L,1-5",8.0,10,5,3,2,4,4,0,0,3.84,37,133,81,2.0,0.0,0,0,32,0,1,0,0,1,1,2,3,Alan Porter,"T.Bauer (4-41-L), J.Manship (0), B.Shaw (3)"
125,129,126,126,Aug 25,@,TEX,"L,0-9",8.0,8,9,8,1,4,9,3,0,3.88,37,136,89,0.0,0.0,1,0,33,0,0,0,0,0,2,1,4,Brian O'Nora,"J.Tomlin (4-24-L), D.Otero (4), M.Clevinger (1), Z.McAllister (1)"
126,130,127,127,Aug 26,@,TEX,"W,12-1",9.0,6,1,1,0,3,13,1,0,3.85,35,160,104,0.0,0.0,0,0,32,0,0,0,0,0,0,1,4,Lance Barrett,"C.Kluber (4-63-W), B.Shaw (1), C.Allen (4), Z.McAllister (0)"
127,131,128,128,Aug 27,@,TEX,"L,0-7",8.0,10,7,3,4,1,12,1,0,3.85,37,143,96,0.0,0.0,0,0,36,2,0,1,0,0,1,0,5,Jeff Kellogg,"C.Carrasco (4-33-L), J.Manship (2), D.Otero (1), A.Miller (4), C.Gimenez (54)"
128,132,129,129,Aug 28,@,TEX,"L,1-2",8.0,5,2,2,0,3,10,0,1,3.84,32,125,81,1.0,0.0,1,0,28,0,0,0,0,0,0,1,3,John Tumpane,"D.Salazar (4-58-L), D.Otero (0), M.Clevinger (2)"
129,133,130,130,Aug 29,,MIN,"W,1-0",10.0,9,0,0,0,3,10,0,0,3.81,41,168,107,3.0,0.0,0,0,38,3,0,0,0,0,0,0,5,Jerry Meals,"T.Bauer (4-65), A.Miller (1), B.Shaw (2), C.Allen (2), Z.McAllister (2-W)"
130,134,131,131,Aug 30,,MIN,"W,5-4",9.0,10,4,4,0,3,8,1,0,3.81,39,148,96,5.0,0.0,0,0,36,1,0,0,0,0,0,0,6,Chris Conroy,"J.Tomlin (4-27), S.Armstrong (26), D.Otero (1-W), Z.McAllister (0-H), B.Shaw (0-H), A.Miller (0-Sv)"
131,135,132,132,Aug 31,,MIN,"W,8-4",9.0,8,4,4,0,3,13,2,0,3.81,37,136,89,3.0,1.0,0,0,34,2,0,0,0,0,0,0,3,Paul Nauert,"C.Kluber (4-67-W), P.Garner (99), B.Shaw (0-Sv)"
132,137,133,133,Sep 2,,MIA,"W,6-2",9.0,8,2,2,0,1,13,1,0,3.8,36,137,96,0.0,0.0,0,0,35,2,0,0,0,0,0,0,3,Nic Lentz,"C.Carrasco (5-76-W), J.Manship (5), C.Allen (3)"
133,138,134,134,Sep 3,,MIA,"W,8-3",9.0,4,3,3,0,3,4,0,0,3.79,32,108,71,1.0,0.0,0,1,28,1,0,0,0,1,0,1,2,Mark Ripperger,"T.Bauer (4-64-W), A.Miller (3)"
134,139,135,135,Sep 4,,MIA,"W,6-5",9.0,11,5,4,1,2,14,1,0,3.79,40,156,107,4.0,1.0,0,2,36,3,0,0,1,1,1,1,5,Joe West,"D.Salazar (6-62), D.Otero (4), B.Shaw (3), A.Miller (0), C.Allen (1-W)"
135,140,136,136,Sep 5,,HOU,"L,2-6",9.0,11,6,4,2,7,14,1,0,3.79,44,192,114,8.0,1.0,2,1,36,2,0,1,0,1,2,1,8,Chad Fairchild,"M.Clevinger (7-48-L), J.Manship (2), P.Garner (4), J.Colon (50), D.Otero (0), B.Shaw (0), C.Anderson (32), J.Tomlin (5)"
136,141,137,137,Sep 6,,HOU,"L,3-4",9.0,7,4,4,0,4,11,1,0,3.8,38,152,100,1.0,0.0,0,0,34,3,1,0,0,0,0,0,4,James Hoye,"C.Kluber (5-59-L), Z.McAllister (6), K.Crockett (18), S.Armstrong (6)"
137,142,138,138,Sep 7,,HOU,"W,6-5",9.0,12,5,5,0,1,10,2,0,3.8,39,135,90,1.0,1.0,0,0,38,3,0,0,0,0,0,1,3,Marvin Hudson,"C.Carrasco (4-48-W), A.Miller (2-H), C.Allen (2-Sv)"
138,143,139,139,Sep 8,,HOU,"W,10-7",9.0,9,7,7,0,3,9,2,0,3.83,38,142,87,0.0,0.0,0,0,35,2,1,0,0,0,0,0,6,Jim Joyce,"T.Bauer (4-33-W), D.Otero (2), P.Garner (2), A.Miller (0-H), B.Shaw (2-H), C.Allen (0-Sv)"
139,144,140,140,Sep 9,@,MIN,"W,5-4",9.0,6,4,3,1,4,8,2,0,3.82,36,148,94,1.0,0.0,0,0,32,1,0,0,0,0,1,2,6,Bill Welke,"D.Salazar (4-40), J.Colon (3-W), Z.McAllister (2-H), D.Otero (0-H), B.Shaw (0-H), C.Allen (0-Sv)"
140,145,141,141,Sep 10,@,MIN,"L,1-2",11.2,7,2,2,0,5,9,1,0,3.8,47,176,105,6.0,0.0,0,0,40,0,0,1,2,0,0,0,10,Vic Carapazza,"M.Clevinger (4-57), P.Garner (1), J.Manship (4), S.Armstrong (3), K.Crockett (3), Z.McAllister (0), B.Shaw (0), A.Miller (1), D.Otero (0), J.Colon (0-L)"
141,146,142,142,Sep 11,@,MIN,"W,7-1",9.0,5,1,0,1,2,12,0,2,3.77,37,138,89,0.0,0.0,0,0,33,1,0,0,0,0,1,0,2,Ryan Blakney,"C.Kluber (4-75-W), C.Anderson (5)"
142,147,143,143,Sep 12,@,CHW,"L,4-11",8.0,16,11,9,2,3,7,3,0,3.81,44,178,122,7.0,2.0,1,0,40,3,0,0,0,1,0,0,7,Dan Iassogna,"C.Carrasco (4-28-L), P.Garner (1), K.Crockett (1), Z.McAllister (1), S.Armstrong (1), R.Merritt (38), A.Adams (40)"
143,148,144,144,Sep 13,@,CHW,"L,1-8",8.0,9,8,8,0,3,9,0,1,3.85,37,124,83,3.0,2.0,0,0,32,1,1,0,1,0,0,0,4,Lance Barrett,"T.Bauer (4-38-L), D.Otero (2), J.Colon (2), J.Manship (2)"
144,149,145,145,Sep 14,@,CHW,"W,6-1",9.0,6,1,1,0,0,5,0,0,3.83,33,122,84,1.0,0.0,0,0,33,1,1,0,0,0,1,1,5,Dale Scott,"J.Tomlin (8-57-W), D.Otero (0), B.Shaw (3), A.Miller (3), C.Allen (4)"
145,150,146,146,Sep 15,@,CHW,"L,1-2",8.1,9,2,2,0,2,7,1,0,3.82,35,167,111,2.0,0.0,1,0,33,1,0,1,0,0,0,1,5,Bob Davidson,"M.Clevinger (4-54), S.Armstrong (2), J.Manship (1), C.Anderson (3), B.Shaw (0-L)"
146,151,147,147,Sep 16,,DET,"W,11-4",9.0,5,4,4,0,4,11,2,1,3.82,37,134,88,0.0,0.0,0,0,32,1,0,0,0,0,0,0,3,Tim Timmons,"C.Kluber (4-55-W), A.Miller (1), D.Otero (1)"
147,152,148,148,Sep 17,,DET,"W,1-0",10.0,4,0,0,0,3,10,0,1,3.79,36,158,93,1.0,0.0,1,0,32,1,0,1,0,0,0,2,9,Mike Everitt,"C.Carrasco (4-48), J.Manship (1), K.Crockett (4), C.Anderson (1), Z.McAllister (4), P.Garner (4), B.Shaw (1), C.Allen (2), A.Miller (0-W)"
148,153,149,149,Sep 18,,DET,"L,5-9",9.0,11,9,9,0,5,7,2,3,3.82,44,159,98,2.0,0.0,0,0,35,2,0,0,1,0,0,2,5,Jordan Baker,"T.Bauer (4-28-L), S.Armstrong (2), Z.McAllister (0), J.Colon (4), A.Adams (5)"
149,154,150,150,Sep 20,,KCR,"W,2-1",9.0,6,1,1,0,0,6,0,0,3.8,32,120,77,2.0,0.0,1,0,31,1,1,0,1,0,0,0,3,Carlos Torres,"J.Tomlin (5-63), B.Shaw (2), A.Miller (2-W)"
150,155,151,151,Sep 21,,KCR,"W,4-3",9.0,7,3,3,0,3,11,1,0,3.8,35,149,97,1.0,0.0,0,2,32,1,0,0,0,0,0,0,4,Sam Holbrook,"C.Kluber (4-60-W), A.Miller (0-H), B.Shaw (0-H), C.Allen (3-Sv)"
151,156,152,152,Sep 22,,KCR,"W,5-2",9.0,6,2,2,0,2,8,1,0,3.79,34,138,86,0.0,0.0,1,0,32,1,0,0,0,0,0,1,4,Paul Emmel,"M.Clevinger (6-53), D.Otero (5-W), B.Shaw (0-H), C.Allen (0-Sv)"
152,157,153,153,Sep 23,,CHW,"W,10-4",9.0,7,4,4,0,2,8,2,0,3.79,34,125,85,2.0,0.0,0,1,32,2,1,0,0,0,0,1,2,Brian Knight,"T.Bauer (4-53-W), Z.McAllister (4)"
153,158,154,154,Sep 24,,CHW,"L,1-8",9.0,15,8,7,1,1,15,1,0,3.81,43,179,113,2.0,2.0,1,0,42,4,0,0,0,0,1,0,8,Jim Wolf,"C.Anderson (6-43-L), J.Manship (6), K.Crockett (6), P.Garner (6), S.Armstrong (5), J.Colon (5), A.Adams (5), A.Plutko (99)"
154,159,155,155,Sep 25,,CHW,"L,0-3",9.0,6,3,1,2,2,3,0,0,3.79,36,153,103,4.0,0.0,2,0,33,0,0,0,0,1,1,0,4,Bill Miller,"J.Tomlin (4-59-L), D.Otero (2), Z.McAllister (1), J.Colon (0)"
155,160,156,156,Sep 26,@,DET,"W,7-4",9.0,10,4,4,0,2,10,1,1,3.79,38,148,104,1.0,1.0,0,1,35,1,0,0,0,0,0,1,5,Tripp Gibson,"C.Kluber (4-46), D.Otero (0), B.Shaw (3-H), A.Miller (4-W), C.Allen (3-Sv)"
156,161,157,157,Sep 27,@,DET,"L,0-12",8.0,16,12,12,0,5,5,3,1,3.85,41,161,88,2.0,0.0,0,1,35,3,1,1,0,0,0,2,5,Dan Bellino,"M.Clevinger (4-22-L), P.Garner (2), S.Armstrong (2), A.Plutko (2), A.Adams (2)"
157,162,158,158,Sep 28,@,DET,"L,3-6",5.0,8,6,6,0,2,5,2,0,3.87,24,96,60,0.0,0.0,0,0,22,3,0,0,0,0,0,0,4,Hunter Wendelstedt,"Z.McAllister (2-54), C.Anderson (3), J.Manship (3), J.Colon (2-L)"
158,163,159,159,Sep 30,@,KCR,"W,7-2",9.0,5,2,2,0,0,9,0,0,3.86,31,110,77,1.0,1.0,0,0,30,0,1,0,1,0,0,1,5,Greg Gibson,"R.Merritt (17-61-W), D.Otero (3-H), B.Shaw (3), A.Miller (3), C.Allen (3)"
159,164,160,160,Oct 1,@,KCR,"W,6-3",9.0,8,3,3,0,3,15,0,0,3.85,38,150,95,2.0,0.0,1,0,35,3,0,0,0,0,0,0,5,Mike Estabrook,"T.Bauer (7-55), J.Manship (2), M.Clevinger (3-W), A.Miller (0-H), C.Allen (0-Sv)"
160,165,161,161,Oct 2,@,KCR,"W,3-2",9.0,6,2,2,0,1,5,1,0,3.84,32,110,78,0.0,0.0,0,1,31,2,0,0,0,0,0,1,3,Bill Miller,"J.Tomlin (6-61-W), A.Miller (0-H), C.Allen (0-Sv)"
