,index,Rk,Gtm,Date,Unnamed: 3,Opp,Rslt,IP,H,R,ER,UER,BB,SO,HR,HBP,ERA,BF,Pit,Str,IR,IS,SB,CS,AB,2B,3B,IBB,SH,SF,ROE,GDP,#,Umpire,Pitchers Used (Rest-GameScore-Dec)
0,0,1,1,Mar 28,,NYM,"L,0-2",9.0,5,2,2,0,3,12,1,0,2.0,34,135,94,3.0,1.0,0,1,31,0,0,0,0,0,0,0,4,Bill Miller,"M.Scherzer (99-76-L), J.Miller (99), M.Grace (99), K.Barraclough (99)"
1,1,2,2,Mar 30,,NYM,"L,8-11",9.0,14,11,11,0,5,11,0,0,6.5,46,188,116,4.0,3.0,0,0,40,4,1,0,1,0,0,0,6,Doug Eddings,"S.Strasburg (99-48), T.Sipp (99), T.Rosenthal (99-L), K.Barraclough (1), M.Grace (1), W.Suero (99)"
2,2,3,3,Mar 31,,NYM,"W,6-5",9.0,13,5,5,0,2,8,0,0,6.0,41,152,93,4.0,3.0,2,0,39,2,0,0,0,0,0,1,5,Carlos Torres,"P.Corbin (99-52), J.Miller (2-H), T.Sipp (0-H), T.Rosenthal (0), S.Doolittle (99-BW)"
3,3,4,4,Apr 2,,PHI,"L,2-8",9.0,14,8,7,1,4,12,2,0,6.25,45,179,116,2.0,2.0,0,0,41,5,0,3,0,0,0,0,5,Paul Emmel,"M.Scherzer (4-55-L), W.Suero (2), M.Grace (2), K.Barraclough (2), J.Hellickson (99)"
4,4,5,5,Apr 3,,PHI,"W,9-8",9.0,10,8,8,0,7,8,0,0,6.6,44,173,104,4.0,3.0,0,0,37,3,0,2,0,0,0,0,7,Bruce Dreckman,"A.Sanchez (99-37), M.Grace (0), J.Miller (2-H), T.Sipp (2-H), T.Rosenthal (2), K.Barraclough (0-BSv), S.Doolittle (2-W)"
5,5,6,6,Apr 4,@,NYM,"W,4-0",9.0,4,0,0,0,2,14,0,0,5.5,34,146,93,3.0,0.0,0,0,32,0,0,0,0,0,2,1,5,Pat Hoberg,"S.Strasburg (4-76-W), M.Grace (0-H), J.Miller (0-H), T.Sipp (0-H), S.Doolittle (0)"
6,6,7,7,Apr 6,@,NYM,"L,5-6",8.0,11,6,6,0,2,10,5,1,5.66,35,130,81,2.0,0.0,1,2,32,2,0,0,0,0,0,1,5,Gerry Davis,"P.Corbin (5-56), K.Barraclough (2), J.Miller (1-BSv), T.Sipp (1-L), W.Suero (3)"
7,7,8,8,Apr 7,@,NYM,"W,12-9",9.0,11,9,9,0,2,11,2,4,6.08,42,173,110,4.0,2.0,0,0,36,3,0,0,0,0,0,1,6,Brian Knight,"M.Scherzer (4-48-W), M.Grace (2), T.Rosenthal (3), W.Suero (0), J.Ross (99), S.Doolittle (2)"
8,8,9,9,Apr 8,@,PHI,"L,3-4",8.0,10,4,4,0,2,7,3,0,5.92,35,116,73,3.0,0.0,0,1,33,0,0,0,0,0,1,1,5,Jim Reynolds,"A.Sanchez (4-47-L), W.Suero (0), K.Barraclough (1), T.Sipp (1), J.Miller (1)"
9,9,10,10,Apr 9,@,PHI,"W,10-6",10.0,9,6,6,0,5,9,2,0,5.87,44,160,99,1.0,0.0,0,0,39,0,1,1,0,0,0,0,5,Alan Porter,"S.Strasburg (4-25), J.Ross (1), M.Grace (1), K.Barraclough (0), S.Doolittle (1-W)"
10,10,11,11,Apr 10,@,PHI,"W,15-1",9.0,3,1,1,0,7,10,0,1,5.42,36,160,95,0.0,0.0,0,0,28,0,0,0,0,0,0,2,4,Stu Scheurwater,"J.Hellickson (7-68-W), T.Sipp (1), W.Suero (1), T.Rosenthal (2)"
11,11,12,12,Apr 12,,PIT,"L,3-6",10.0,10,6,5,1,2,14,2,0,5.33,42,167,105,4.0,4.0,2,1,39,1,1,0,1,0,1,0,6,Scott Barry,"P.Corbin (5-75), T.Sipp (1-H), K.Barraclough (2-BSv), S.Doolittle (2), M.Grace (2-L), J.Miller (3)"
12,12,13,13,Apr 13,,PIT,"W,3-2",9.0,8,2,2,0,2,3,1,0,5.08,37,127,79,0.0,0.0,0,0,34,2,1,0,1,0,1,1,3,Nic Lentz,"A.Sanchez (4-56), W.Suero (2-W), S.Doolittle (0-Sv)"
13,13,14,14,Apr 14,,PIT,"L,3-4",9.0,8,4,4,0,3,8,0,0,5.0,36,121,85,0.0,0.0,0,0,33,4,0,1,0,0,0,1,2,Kerwin Danley,"M.Scherzer (6-62), W.Suero (0-L)"
14,14,15,15,Apr 16,,SFG,"L,3-7",9.0,10,7,7,0,2,11,3,1,5.13,40,161,103,1.0,1.0,1,0,37,2,0,0,0,0,1,1,5,Tony Randazzo,"S.Strasburg (6-52-L), A.Williams (99), M.Grace (3), T.Rosenthal (5), T.Sipp (3)"
15,15,16,16,Apr 17,,SFG,"W,9-6",9.0,10,6,6,0,5,4,2,0,5.19,42,142,93,1.0,0.0,2,0,37,4,0,1,0,0,1,0,6,Jeff Nelson,"J.Hellickson (6-47-W), M.Grace (0-H), W.Suero (2-H), A.Williams (0), K.Barraclough (4-H), S.Doolittle (3)"
16,16,17,17,Apr 18,,SFG,"W,4-2",9.0,5,2,2,0,1,11,0,1,5.0,33,129,90,1.0,0.0,0,1,31,2,0,0,0,0,0,0,3,Ryan Additon,"P.Corbin (5-79-W), K.Barraclough (0-H), S.Doolittle (0-Sv)"
17,17,18,18,Apr 19,@,MIA,"L,2-3",8.0,6,3,3,0,4,8,0,1,4.92,37,124,78,6.0,1.0,1,0,32,1,0,0,0,0,1,0,4,Fieldin Culbreth,"A.Sanchez (5-48-L), M.Grace (1), J.Ross (9), T.Sipp (2)"
18,18,19,19,Apr 20,@,MIA,"L,3-9",8.0,11,9,8,1,4,12,1,1,5.11,41,167,104,1.0,1.0,2,0,35,4,0,0,0,1,0,0,4,Paul Nauert,"M.Scherzer (5-29-L), T.Sipp (0), A.Adams (99), M.Grace (0)"
19,19,20,20,Apr 21,@,MIA,"W,5-0",9.0,3,0,0,0,4,13,0,0,4.85,33,136,84,2.0,0.0,0,0,29,0,0,0,0,0,0,1,3,CB Bucknor,"S.Strasburg (4-87-W), K.Barraclough (2), S.Doolittle (2)"
20,20,21,21,Apr 22,@,COL,"L,5-7",8.0,11,7,7,0,3,5,3,0,4.98,37,126,77,0.0,0.0,1,0,33,3,0,0,1,0,0,0,4,Vic Carapazza,"J.Hellickson (4-31), M.Grace (1), W.Suero (4-L), K.Barraclough (0)"
21,21,22,22,Apr 23,@,COL,"W,6-3",9.0,6,3,2,1,1,11,1,0,4.85,35,140,94,1.0,0.0,0,0,34,1,0,0,0,0,1,0,5,Jerry Layne,"P.Corbin (4-57-W), J.Ross (3-H), T.Sipp (2-H), W.Suero (0-H), S.Doolittle (1-Sv)"
22,22,23,23,Apr 24,@,COL,"L,5-9",8.0,12,9,9,0,6,5,1,1,5.05,43,153,93,0.0,0.0,0,0,35,5,1,2,0,1,0,0,3,Hunter Wendelstedt,"A.Sanchez (4-23-L), M.Grace (1), T.Rosenthal (7)"
23,23,24,24,Apr 26,,SDP,"L,3-4",9.0,6,4,3,1,1,12,2,0,4.97,33,155,105,2.0,1.0,0,0,32,1,0,0,0,0,0,0,4,Andy Fletcher,"M.Scherzer (5-71), K.Barraclough (3), W.Suero (2), S.Doolittle (2-L)"
24,24,25,25,Apr 27,,SDP,"L,3-8",10.0,8,8,7,1,5,13,1,1,5.03,43,183,112,5.0,5.0,0,0,35,2,0,0,0,2,0,1,6,Will Little,"S.Strasburg (5-69), J.Ross (3), S.Doolittle (0), W.Suero (0-L), J.Miller (14), M.Grace (2)"
25,25,26,26,Apr 28,,SDP,"W,7-6",11.0,11,6,5,1,3,13,2,0,4.98,46,183,121,0.0,0.0,2,0,43,1,0,0,0,0,1,2,6,Joe West,"J.Hellickson (5-28), E.Fedde (99), K.Barraclough (1), J.Ross (0), T.Sipp (4), J.Miller (0-W)"
26,26,27,27,Apr 29,,STL,"L,3-6",9.0,9,6,6,0,4,8,1,1,5.02,40,140,85,0.0,0.0,0,1,35,2,0,0,0,0,1,1,4,Quinn Wolcott,"P.Corbin (5-32-L), J.Miller (0), W.Suero (1), M.Grace (1)"
27,27,28,28,Apr 30,,STL,"L,2-3",9.0,7,3,3,0,4,15,0,0,4.95,38,171,108,2.0,0.0,1,0,34,1,0,0,0,0,0,0,6,Gary Cederstrom,"A.Sanchez (5-50-L), W.Suero (0), T.Sipp (1), K.Barraclough (1), D.Jennings (99), J.Ross (1)"
28,29,29,29,May 1,,STL,"L,1-5",9.0,11,5,5,0,3,10,0,0,4.95,40,145,95,2.0,1.0,0,0,37,4,0,0,0,0,1,2,4,Nick Mahrley,"M.Scherzer (4-55-L), J.Ross (0), D.Jennings (0), M.Grace (1)"
29,30,30,30,May 2,,STL,"W,2-1",9.0,9,1,1,0,3,13,0,0,4.82,38,159,104,4.0,0.0,2,0,34,0,0,0,1,0,0,0,4,Marvin Hudson,"S.Strasburg (4-65-W), T.Sipp (1-H), K.Barraclough (1-H), S.Doolittle (4-Sv)"
30,31,31,31,May 3,@,PHI,"L,2-4",8.0,6,4,4,0,1,10,2,0,4.81,30,127,86,1.0,1.0,0,1,29,1,0,0,0,0,0,0,3,Bill Miller,"J.Hellickson (4-61), D.Jennings (1-BL), J.Miller (3)"
31,32,32,32,May 4,@,PHI,"W,10-8",9.0,12,8,8,0,5,8,0,0,4.91,45,184,116,1.0,0.0,0,0,38,6,0,0,1,1,2,1,5,Chris Segal,"P.Corbin (4-51), J.Ross (2-BSv), T.Sipp (1-W), K.Barraclough (1-H), S.Doolittle (1-Sv)"
32,33,33,33,May 5,@,PHI,"L,1-7",8.0,8,7,5,2,5,11,0,0,4.93,39,168,106,1.0,0.0,1,0,34,3,0,1,0,0,2,0,3,Chris Conroy,"A.Sanchez (4-61-L), M.Grace (3), J.Miller (1)"
33,34,34,34,May 6,@,MIL,"L,3-5",8.0,11,5,3,2,3,13,0,0,4.89,41,178,108,4.0,2.0,1,0,36,3,0,0,0,1,2,0,4,Ben May,"M.Scherzer (4-63), D.Jennings (2-BL), W.Suero (5), T.Sipp (1)"
34,35,35,35,May 7,@,MIL,"L,0-6",8.0,8,6,6,0,5,12,0,1,4.94,37,149,86,4.0,2.0,0,0,31,1,0,1,0,0,0,1,4,CB Bucknor,"S.Strasburg (4-55-L), D.Jennings (0), J.Miller (1), J.Ross (2)"
35,36,36,36,May 8,@,MIL,"L,3-7",8.0,11,7,4,3,6,7,3,0,4.92,42,182,100,0.0,0.0,2,0,36,2,0,0,0,0,1,0,5,D.J. Reyburn,"J.Hellickson (4-31-L), M.Grace (2), E.Fedde (9), K.Barraclough (3), W.Suero (1)"
36,37,37,37,May 9,@,LAD,"W,6-0",9.0,6,0,0,0,4,9,0,1,4.79,36,146,92,2.0,0.0,0,0,31,0,0,0,0,0,0,2,3,Gerry Davis,"P.Corbin (4-75-W), K.Barraclough (0), S.Doolittle (4)"
37,38,38,38,May 10,@,LAD,"L,0-5",8.0,9,5,5,0,4,6,3,0,4.81,37,163,105,1.0,0.0,2,0,33,1,1,1,0,0,0,0,5,Pat Hoberg,"A.Sanchez (4-40-L), J.Miller (2), J.Ross (2), M.Grace (1), E.Fedde (1)"
38,39,39,39,May 11,@,LAD,"W,5-2",9.0,5,2,2,0,2,8,1,2,4.74,35,139,93,0.0,0.0,0,0,31,1,0,0,0,0,0,1,3,Jeremie Rehak,"M.Scherzer (4-64-W), W.Suero (2-H), S.Doolittle (1-Sv)"
39,40,40,40,May 12,@,LAD,"L,0-6",8.0,7,6,6,0,4,8,1,1,4.78,36,148,96,1.0,0.0,1,0,28,1,0,1,2,1,0,0,4,Brian Knight,"S.Strasburg (4-61-L), J.Miller (1), D.Jennings (4), K.Barraclough (2)"
40,41,41,41,May 14,,NYM,"L,2-6",9.0,8,6,6,0,5,5,2,0,4.81,39,136,82,2.0,1.0,0,0,34,1,0,0,0,0,0,1,4,Jeff Nelson,"J.Hellickson (5-34-L), M.Grace (3), E.Fedde (3), J.Ross (3)"
41,42,42,42,May 15,,NYM,"W,5-1",9.0,4,1,1,0,1,13,0,0,4.72,32,122,84,0.0,0.0,0,0,30,1,0,0,1,0,0,0,2,Cory Blaser,"P.Corbin (5-80-W), S.Doolittle (3)"
42,43,43,43,May 16,,NYM,"W,7-6",9.0,11,6,6,0,2,10,1,0,4.75,40,161,109,2.0,0.0,0,0,38,2,0,0,0,0,0,0,7,Laz Diaz,"A.Sanchez (5-53), E.Fedde (1), D.Jennings (3-W), J.Miller (3-H), K.Barraclough (3-H), W.Suero (4-H), S.Doolittle (0-Sv)"
43,44,44,44,May 17,,CHC,"L,6-14",9.0,18,14,14,0,7,11,6,2,4.96,52,217,139,1.0,0.0,0,0,43,1,0,0,0,0,0,2,6,Dan Iassogna,"M.Scherzer (5-52-L), J.Miller (0), J.Ross (2), K.Barraclough (0), D.Jennings (0), M.Grace (2)"
44,45,45,45,May 18,,CHC,"W,5-2",9.0,4,2,1,1,0,8,1,0,4.87,29,100,75,0.0,0.0,0,0,29,0,0,0,0,0,0,1,2,Sam Holbrook,"S.Strasburg (5-75-W), S.Doolittle (1-Sv)"
45,46,46,46,May 19,,CHC,"L,5-6",9.0,9,6,5,1,5,7,1,2,4.88,42,157,88,0.0,0.0,0,0,32,3,0,0,1,2,1,2,5,Jim Wolf,"J.Hellickson (4-37-L), K.McGowin (99), W.Suero (2), M.Grace (1), K.Barraclough (1)"
46,47,47,47,May 20,@,NYM,"L,3-5",8.0,8,5,4,1,4,11,2,1,4.87,37,152,97,1.0,1.0,0,0,32,2,0,1,0,0,0,0,4,Paul Emmel,"P.Corbin (4-43-L), T.Rainey (99), J.Ross (2), T.Sipp (13)"
47,48,48,48,May 21,@,NYM,"L,5-6",8.2,8,6,6,0,4,7,2,2,4.9,38,137,79,2.0,1.0,0,0,32,1,0,0,0,0,0,2,6,Mike Estabrook,"E.Fedde (4-55), W.Suero (1), T.Sipp (0), M.Grace (1-H), T.Rainey (0-BL), K.Barraclough (1)"
48,49,49,49,May 22,@,NYM,"L,1-6",8.0,7,6,6,0,4,11,1,1,4.93,37,152,103,2.0,2.0,0,0,32,4,0,1,0,0,0,0,6,Ryan Blakney,"M.Scherzer (4-71), J.Ross (1-H), M.Grace (0-H), K.Barraclough (0-L), S.Doolittle (3-BSv), J.Guerra (4)"
49,50,50,50,May 23,@,NYM,"L,4-6",8.0,7,6,5,1,3,8,1,1,4.94,34,125,81,0.0,0.0,1,1,28,1,0,1,0,2,0,0,2,Bruce Dreckman,"S.Strasburg (4-60), W.Suero (1-BL)"
50,51,51,51,May 24,,MIA,"W,12-10",9.0,15,10,10,0,3,7,3,2,5.05,48,178,107,1.0,1.0,0,0,43,2,0,0,0,0,2,1,7,Mike Winters,"K.McGowin (4-31), J.Ross (1), M.Grace (1), T.Rainey (2), T.Sipp (2), K.Barraclough (1-W), S.Doolittle (1-Sv)"
51,52,52,52,May 25,,MIA,"W,5-0",9.0,4,0,0,0,1,5,0,0,4.95,29,116,70,,,0,0,28,1,0,0,0,0,0,3,1,Tim Timmons,P.Corbin (4-83-W)
52,53,53,53,May 26,,MIA,"W,9-6",9.0,11,6,6,0,5,8,1,0,4.97,41,169,103,1.0,1.0,0,1,35,3,0,1,1,0,0,1,5,Chad Whitson,"E.Fedde (4-60-W), T.Rainey (1), J.Guerra (3), J.Bourque (99), W.Suero (2)"
53,54,54,54,May 27,,MIA,"L,2-3",9.0,9,3,1,2,2,9,0,1,4.89,40,154,115,0.0,0.0,0,0,35,2,0,0,1,1,2,0,5,Mike Muchlinski,"M.Scherzer (4-59), T.Rainey (0-BSv), K.Barraclough (2-L), M.Grace (2), W.Suero (0)"
54,55,55,55,May 28,@,ATL,"W,5-4",9.0,8,4,4,0,3,16,1,1,4.88,39,152,98,0.0,0.0,1,0,34,1,0,1,0,1,0,0,3,Dan Bellino,"S.Strasburg (4-68-W), K.Barraclough (0-H), S.Doolittle (3-Sv)"
55,56,56,56,May 29,@,ATL,"W,14-4",9.0,6,4,4,0,1,13,1,0,4.86,34,135,90,0.0,0.0,0,0,33,0,0,0,0,0,0,0,2,Sean Barber,"A.Sanchez (12-76-W), K.McGowin (4-Sv)"
56,57,57,57,May 31,@,CIN,"L,3-9",8.0,15,9,7,2,2,4,1,0,4.91,41,142,87,2.0,0.0,1,0,38,2,0,1,0,1,1,0,4,Nic Lentz,"P.Corbin (5-10-L), J.Guerra (4), T.Sipp (6), M.Grace (3)"
57,59,58,58,Jun 1,@,CIN,"W,5-2",9.0,8,2,2,0,4,8,1,0,4.86,38,161,95,2.0,0.0,0,0,33,1,0,0,1,0,1,3,5,Joe West,"E.Fedde (5-42), M.Grace (0), T.Rainey (4-W), W.Suero (4-H), S.Doolittle (3-Sv)"
58,60,59,59,Jun 2,@,CIN,"W,4-1",9.0,3,1,1,0,1,16,0,1,4.79,32,133,94,0.0,0.0,0,0,30,3,0,0,0,0,0,0,2,Eric Cooper,"M.Scherzer (5-86-W), S.Doolittle (0-Sv)"
59,61,60,60,Jun 4,,CHW,"W,9-5",9.0,8,5,5,0,3,11,1,1,4.79,39,167,112,2.0,0.0,0,1,35,1,0,0,0,0,1,0,5,Mike Everitt,"S.Strasburg (6-40-W), M.Grace (2), T.Rainey (2), W.Suero (2), S.Doolittle (1-Sv)"
60,62,61,61,Jun 5,,CHW,"W,6-4",9.0,11,4,4,0,1,13,3,0,4.78,38,136,94,0.0,0.0,0,0,37,0,0,0,0,0,0,0,5,Bill Welke,"A.Sanchez (6-62), T.Rainey (0-H), K.Barraclough (7-H), W.Suero (0-BSv), S.Doolittle (0-W)"
61,63,62,62,Jun 6,@,SDP,"L,4-5",8.0,6,5,3,2,7,9,1,0,4.76,35,143,86,2.0,0.0,0,0,27,0,0,0,0,1,0,2,4,Quinn Wolcott,"P.Corbin (5-42-L), T.Sipp (5), J.Guerra (5), M.Grace (1)"
62,64,63,63,Jun 7,@,SDP,"L,4-5",8.2,8,5,5,0,1,9,1,0,4.77,34,135,87,0.0,0.0,2,0,33,0,1,0,0,0,0,1,4,Gary Cederstrom,"E.Fedde (5-55), T.Rainey (1), W.Suero (1), S.Doolittle (1-BL)"
63,65,64,64,Jun 8,@,SDP,"W,4-1",9.0,7,1,1,0,2,11,0,0,4.71,36,136,92,1.0,0.0,0,0,34,1,0,1,0,0,0,0,4,Marvin Hudson,"M.Scherzer (5-73-W), T.Rainey (0), W.Suero (0), S.Doolittle (0-Sv)"
64,66,65,65,Jun 9,@,SDP,"W,5-2",9.0,7,2,2,0,0,7,0,0,4.66,33,149,100,1.0,1.0,2,0,33,1,0,0,0,0,1,2,4,Adrian Johnson,"S.Strasburg (4-67-W), K.Barraclough (3), M.Grace (2), J.Guerra (2)"
65,67,66,66,Jun 10,@,CHW,"W,12-1",9.0,4,1,1,0,2,2,1,0,4.61,31,104,68,1.0,0.0,0,0,29,0,0,0,0,0,0,1,4,Jeff Kellogg,"A.Sanchez (4-60-W), T.Rainey (1-H), T.Sipp (3), T.Rosenthal (46)"
66,68,67,67,Jun 11,@,CHW,"L,5-7",8.0,7,7,7,0,2,7,2,0,4.65,33,125,81,1.0,1.0,0,0,31,3,0,0,0,0,0,0,3,Chad Whitson,"P.Corbin (4-30-L), J.Guerra (1), K.Barraclough (1)"
67,69,68,68,Jun 13,,ARI,"L,0-5",9.0,7,5,5,0,3,4,2,0,4.66,35,115,73,0.0,0.0,0,0,32,2,0,0,0,0,0,2,3,Alfonso Marquez,"E.Fedde (5-38-L), M.Grace (3), T.Rosenthal (2)"
68,70,69,69,Jun 14,,ARI,"W,7-3",9.0,6,3,3,0,3,13,2,1,4.63,38,150,101,2.0,0.0,1,0,34,2,0,0,0,0,1,0,4,Dan Bellino,"M.Scherzer (5-72-W), W.Suero (5), T.Rainey (3-H), S.Doolittle (5)"
69,71,70,70,Jun 15,,ARI,"L,3-10",9.0,15,10,10,0,4,7,5,0,4.71,45,192,124,2.0,1.0,0,0,40,3,1,1,0,1,1,1,5,David Rackley,"S.Strasburg (5-29-L), J.Guerra (3), K.Barraclough (3), T.Sipp (4), T.Rosenthal (1)"
70,72,71,71,Jun 16,,ARI,"W,15-5",9.0,11,5,4,1,1,6,1,2,4.7,42,151,102,0.0,0.0,0,0,38,2,0,0,0,1,1,0,4,Sean Barber,"A.Sanchez (5-55-W), T.Rainey (1), J.Guerra (0), T.Sipp (0)"
71,73,72,72,Jun 19(1),,PHI,"W,6-2",9.0,6,2,2,0,4,9,1,1,4.66,37,142,89,0.0,0.0,1,0,31,0,1,0,1,0,0,0,3,Paul Nauert,"P.Corbin (7-70-W), T.Rainey (2-H), J.Guerra (2)"
72,74,73,73,Jun 19(2),,PHI,"W,2-0",9.0,4,0,0,0,2,12,0,0,4.6,33,142,92,0.0,0.0,0,0,31,1,0,0,0,0,0,0,3,Ramon De Jesus,"M.Scherzer (4-77-W), W.Suero (4-H), S.Doolittle (4-Sv)"
73,75,74,74,Jun 20,,PHI,"W,7-4",9.0,9,4,4,0,5,7,2,0,4.59,38,162,92,3.0,1.0,1,0,33,0,0,0,0,0,0,1,6,Kerwin Danley,"E.Fedde (6-39), M.Grace (6), J.Guerra (0-W), T.Rainey (0), W.Suero (0-H), S.Doolittle (0-Sv)"
74,76,75,75,Jun 21,,ATL,"W,4-3",9.0,8,3,3,0,4,7,1,0,4.57,38,146,92,1.0,0.0,0,0,34,2,0,0,0,0,0,1,5,Chris Conroy,"S.Strasburg (5-52-W), J.Guerra (0-H), T.Sipp (4-H), T.Rosenthal (5-H), W.Suero (0-Sv)"
75,77,76,76,Jun 22,,ATL,"L,9-13",9.0,14,13,13,0,6,9,2,0,4.68,47,172,103,3.0,3.0,1,0,41,4,0,0,0,0,0,0,5,Alan Porter,"A.Sanchez (5-49), T.Rosenthal (0), T.Rainey (1-BSv), J.Ross (28-BL), M.Grace (1)"
76,78,77,77,Jun 23,,ATL,"L,3-4",10.0,7,4,4,0,2,9,3,1,4.66,39,144,97,1.0,0.0,0,0,36,1,0,0,0,0,0,1,6,Bill Miller,"A.Voth (99-63), J.Guerra (1), W.Suero (1), S.Doolittle (2), T.Rainey (0-L), T.Sipp (1)"
77,79,78,78,Jun 25,@,MIA,"W,6-1",9.0,5,1,1,0,1,11,0,1,4.62,32,105,78,0.0,0.0,0,0,30,1,0,0,0,0,0,2,2,Mike Estabrook,"M.Scherzer (5-78-W), F.Rodney (33)"
78,80,79,79,Jun 26,@,MIA,"W,7-5",9.0,6,5,5,0,3,13,0,0,4.62,36,147,102,3.0,3.0,0,0,33,0,1,0,0,0,0,0,4,Bruce Dreckman,"P.Corbin (6-75-W), W.Suero (2-H), J.Guerra (2), S.Doolittle (2-Sv)"
79,81,80,80,Jun 27,@,MIA,"W,8-5",9.0,8,5,5,0,1,7,0,1,4.63,37,139,95,0.0,0.0,1,0,35,3,0,0,0,0,0,0,3,John Libka,"S.Strasburg (5-51-W), W.Suero (0-H), S.Doolittle (0)"
80,82,81,81,Jun 28,@,DET,"W,3-1",9.0,6,1,1,0,3,11,1,0,4.58,37,158,103,0.0,0.0,1,0,34,1,0,0,0,0,1,0,4,Brian O'Nora,"A.Sanchez (5-63-W), J.Guerra (1-H), T.Rainey (4-H), F.Rodney (2-Sv)"
81,83,82,82,Jun 29,@,DET,"L,5-7",8.0,12,7,7,0,4,7,0,2,4.62,40,146,87,5.0,4.0,0,1,33,2,0,0,0,1,0,1,6,Mark Ripperger,"A.Voth (5-40), J.Guerra (0), J.Venters (42), T.Rainey (0-L), T.Sipp (5-BSv), W.Suero (1)"
82,84,83,83,Jun 30,@,DET,"W,2-1",9.0,5,1,1,0,1,15,1,0,4.57,33,138,101,0.0,0.0,0,0,32,1,0,0,0,0,0,0,2,Brennan Miller,"M.Scherzer (4-84-W), S.Doolittle (2-Sv)"
83,86,84,84,Jul 2,,MIA,"W,3-2",9.0,7,2,2,0,1,9,0,0,4.54,33,118,80,0.0,0.0,0,1,31,1,0,0,0,1,1,2,3,Chris Segal,"P.Corbin (5-68), W.Suero (2-BSv), S.Doolittle (1-W)"
84,87,85,85,Jul 3,,MIA,"W,3-1",9.0,6,1,1,0,2,16,0,2,4.5,36,148,107,2.0,0.0,0,0,32,0,0,0,0,0,0,1,3,Chris Guccione,"S.Strasburg (5-86-W), F.Rodney (4-H), S.Doolittle (0-Sv)"
85,88,86,86,Jul 4,,MIA,"W,5-2",9.0,10,2,1,1,4,6,1,0,4.46,42,167,115,5.0,0.0,0,0,38,2,0,0,0,0,1,0,6,Mark Carlson,"A.Sanchez (5-55-W), T.Rainey (4-H), W.Suero (1), J.Venters (4-H), J.Guerra (4-H), F.Rodney (0-Sv)"
86,89,87,87,Jul 5,,KCR,"L,4-7",11.0,12,7,6,1,5,9,0,1,4.46,51,195,132,2.0,2.0,2,1,45,2,1,1,0,0,1,0,6,Nic Lentz,"A.Voth (5-40), J.Guerra (0), M.Grace (12), W.Suero (0), F.Rodney (0), J.Venters (0-L)"
87,90,88,88,Jul 6,,KCR,"W,6-0",9.0,6,0,0,0,2,12,0,0,4.41,34,135,94,0.0,0.0,1,0,32,1,0,0,0,0,0,1,3,John Tumpane,"M.Scherzer (5-79-W), T.Rainey (1), M.Grace (0)"
88,91,89,89,Jul 7,,KCR,"W,5-2",9.0,9,2,2,0,0,11,0,0,4.38,35,142,95,1.0,1.0,1,0,35,3,0,0,0,0,0,0,3,Lance Barksdale,"P.Corbin (4-78), F.Rodney (1-H), S.Doolittle (3-BW)"
89,92,90,90,Jul 12,@,PHI,"W,4-0",9.0,8,0,0,0,2,10,0,0,4.33,36,153,96,0.0,0.0,0,0,34,1,0,0,0,0,0,1,4,Dan Iassogna,"S.Strasburg (8-63-W), W.Suero (6-H), F.Rodney (4-H), S.Doolittle (4)"
90,93,91,91,Jul 13,@,PHI,"W,4-3",9.0,7,3,3,0,3,11,1,0,4.32,36,161,108,0.0,0.0,2,1,32,3,0,0,0,1,0,0,6,Lance Barrett,"P.Corbin (5-56), T.Sipp (13), T.Rainey (6), M.Grace (6), W.Suero (0-W), S.Doolittle (0-Sv)"
91,94,92,92,Jul 14,@,PHI,"L,3-4",8.1,7,4,4,0,2,7,2,0,4.32,34,112,75,0.0,0.0,0,0,32,2,0,1,0,0,0,0,4,Chris Guccione,"A.Sanchez (9-48), T.Rainey (0), W.Suero (0), M.Grace (0-L)"
92,95,93,93,Jul 16,@,BAL,"W,8-1",9.0,4,1,1,0,3,6,1,2,4.28,35,129,82,0.0,0.0,0,0,30,1,0,0,0,0,0,0,3,Chad Fairchild,"A.Voth (10-63-W), T.Rainey (1), J.Guerra (10)"
93,96,94,94,Jul 17,@,BAL,"L,2-9",8.0,15,9,9,0,2,3,2,0,4.34,37,122,72,6.0,3.0,0,1,33,1,0,0,0,2,0,2,5,Mike Estabrook,"E.Fedde (26-60), W.Suero (2-BL), T.Sipp (3), J.Guerra (0), M.Grace (2)"
94,97,95,95,Jul 18,@,ATL,"W,13-4",9.0,10,4,4,0,2,14,1,0,4.34,38,156,100,1.0,0.0,1,0,36,2,1,0,0,0,0,0,4,Mike Muchlinski,"S.Strasburg (5-45-W), M.Grace (0), T.Rainey (1), K.McGowin (49)"
95,98,96,96,Jul 19,@,ATL,"L,3-4",8.0,12,4,4,0,6,8,0,0,4.34,40,177,103,2.0,0.0,1,2,34,4,0,1,0,0,0,0,5,Tim Timmons,"P.Corbin (5-46), T.Rainey (0), T.Sipp (1), W.Suero (1), F.Rodney (6-L)"
96,99,97,97,Jul 20,@,ATL,"W,5-3",9.0,8,3,3,0,4,9,1,1,4.32,40,165,100,1.0,0.0,5,0,35,0,0,0,0,0,1,0,4,Mike Winters,"A.Sanchez (5-44-W), W.Suero (0-H), F.Rodney (0-H), S.Doolittle (6-Sv)"
97,100,98,98,Jul 21,@,ATL,"L,1-7",8.0,11,7,7,0,6,11,2,0,4.36,39,165,96,4.0,0.0,1,0,33,1,0,0,0,0,0,1,5,Rob Drake,"J.Ross (28-44-L), T.Sipp (1), J.Guerra (3), M.Grace (2), K.McGowin (2)"
98,101,99,99,Jul 23,,COL,"W,11-1",9.0,7,1,1,0,4,9,0,0,4.32,37,157,96,0.0,0.0,1,0,33,3,0,0,0,0,0,0,3,Jerry Meals,"S.Strasburg (4-72-W), W.Suero (2-H), M.Blazek (99)"
99,102,100,100,Jul 24(1),,COL,"W,3-2",9.0,9,2,2,0,3,6,0,0,4.3,39,148,97,0.0,0.0,1,0,35,3,0,0,0,1,0,0,5,Ron Kulpa,"E.Fedde (6-52), M.Grace (2), W.Suero (0-W), F.Rodney (3-H), S.Doolittle (3-Sv)"
100,103,101,101,Jul 24(2),,COL,"W,2-0",9.0,5,0,0,0,3,11,0,0,4.25,34,153,97,1.0,0.0,0,0,31,1,1,0,0,0,0,1,5,John Libka,"P.Corbin (4-70-W), T.Rainey (4-H), T.Sipp (2-H), F.Rodney (-1-H), S.Doolittle (-1-Sv)"
101,104,102,102,Jul 25,,COL,"L,7-8",9.0,11,8,8,0,4,12,4,0,4.29,41,177,113,2.0,0.0,0,1,37,2,0,0,0,0,0,0,6,Gabe Morales,"M.Scherzer (18-53), M.Grace (0), T.Rainey (0-H), T.Sipp (0-H), W.Suero (0-H), F.Rodney (0-BL)"
102,105,103,103,Jul 26,,LAD,"L,2-4",9.0,5,4,4,0,3,7,1,0,4.29,35,126,78,2.0,2.0,0,0,32,0,0,0,0,0,0,0,5,Brian O'Nora,"A.Sanchez (5-72), J.Guerra (4), T.Sipp (0-L), K.Barraclough (40), M.Blazek (2)"
103,106,104,104,Jul 27,,LAD,"L,3-9",9.0,10,9,8,1,4,12,1,0,4.33,41,151,100,1.0,1.0,0,0,35,4,0,1,1,1,0,0,3,Dan Bellino,"M.Grace (1-59), J.Ross (5-L), J.Guerra (0)"
104,107,105,105,Jul 28,,LAD,"W,11-4",9.0,4,4,4,0,3,9,1,2,4.32,35,137,84,0.0,0.0,0,0,30,2,0,0,0,0,0,0,3,Jeremie Rehak,"S.Strasburg (4-78-W), W.Suero (2), M.Blazek (1)"
105,108,106,106,Jul 29,,ATL,"W,6-3",9.0,7,3,3,0,1,13,1,0,4.31,36,156,100,0.0,0.0,0,0,34,0,0,0,0,1,1,0,4,Adam Hamari,"P.Corbin (4-61-W), W.Suero (0), F.Rodney (3), S.Doolittle (4)"
106,109,107,107,Jul 30,,ATL,"L,8-11",9.0,14,11,10,1,5,8,3,0,4.36,48,181,118,0.0,0.0,2,1,42,2,1,1,1,0,2,0,4,Ben May,"E.Fedde (5-7-L), J.Guerra (2), M.Blazek (1), T.Sipp (3)"
107,110,108,108,Jul 31,,ATL,"L,4-5",10.0,12,5,5,0,1,8,2,0,4.37,42,152,113,1.0,0.0,2,0,40,6,0,1,1,0,0,1,5,Phil Cuzzi,"A.Sanchez (4-36), T.Rainey (5), W.Suero (1), F.Rodney (1), S.Doolittle (1-L)"
108,112,109,109,Aug 2,@,ARI,"W,3-0",9.0,1,0,0,0,5,8,0,0,4.32,32,126,74,0.0,0.0,0,0,27,0,0,0,0,0,0,1,5,Bill Miller,"J.Ross (5-64-W), R.Elias (2-H), H.Strickland (4-H), F.Rodney (1-H), S.Doolittle (1-Sv)"
109,113,110,110,Aug 3,@,ARI,"L,7-18",8.0,15,18,18,0,11,11,5,0,4.46,50,211,116,7.0,4.0,0,0,39,2,1,0,0,0,0,1,6,Doug Eddings,"S.Strasburg (5-15-L), M.Grace (6), T.Rainey (2), D.Hudson (3), G.Parra (99), B.Dozier (99)"
110,114,111,111,Aug 4,@,ARI,"L,5-7",8.0,9,7,7,0,4,7,1,1,4.48,37,134,88,2.0,0.0,2,0,32,3,0,0,0,0,0,1,4,Chris Conroy,"P.Corbin (5-36), D.Hudson (0), W.Suero (3-L), H.Strickland (1)"
111,115,112,112,Aug 5,@,SFG,"W,4-0",9.0,7,0,0,0,0,3,0,0,4.44,33,113,75,0.0,0.0,0,0,33,1,0,0,0,0,0,0,4,Greg Gibson,"E.Fedde (5-62-W), D.Hudson (0-H), F.Rodney (2-H), S.Doolittle (2)"
112,116,113,113,Aug 6,@,SFG,"W,5-3",9.0,8,3,2,1,1,7,0,0,4.42,36,134,93,0.0,0.0,0,0,35,4,0,0,0,0,0,0,4,Gerry Davis,"A.Sanchez (5-60-W), H.Strickland (1-H), F.Rodney (0-H), S.Doolittle (0-Sv)"
113,117,114,114,Aug 7,@,SFG,"W,4-1",9.0,6,1,1,0,2,11,0,1,4.39,36,158,103,0.0,0.0,0,0,33,3,0,0,0,0,0,0,4,Brian Knight,"J.Ross (4-69-W), T.Rainey (3), W.Suero (2), D.Hudson (1)"
114,118,115,115,Aug 9,@,NYM,"L,6-7",8.2,11,7,7,0,2,7,3,0,4.41,39,139,94,0.0,0.0,1,0,37,2,0,0,0,0,0,0,3,Mark Carlson,"S.Strasburg (5-61), D.Hudson (1-H), S.Doolittle (2-BL)"
115,119,116,116,Aug 10,@,NYM,"L,3-4",8.0,5,4,3,1,2,9,3,0,4.41,32,126,86,2.0,1.0,0,0,29,0,0,1,0,1,1,0,4,Tripp Gibson,"P.Corbin (5-65), H.Strickland (3), F.Rodney (3-BL), D.Hudson (0)"
116,120,117,117,Aug 11,@,NYM,"W,7-4",9.0,9,4,4,0,2,8,0,1,4.4,39,155,97,4.0,1.0,0,0,35,3,0,0,0,1,0,0,7,D.J. Reyburn,"A.Sanchez (4-43), T.Rainey (3), M.Grace (7-W), H.Strickland (0-H), D.Hudson (0-H), W.Suero (3-H), S.Doolittle (1-Sv)"
117,121,118,118,Aug 12,,CIN,"W,7-6",9.0,11,6,6,0,4,7,3,0,4.42,40,166,105,0.0,0.0,0,0,36,2,1,1,0,0,0,1,4,Jim Reynolds,"E.Fedde (6-54-W), J.Guerra (12), T.Rainey (0), S.Doolittle (0-Sv)"
118,122,119,119,Aug 13,,CIN,"W,3-1",9.0,9,1,1,0,2,5,0,0,4.39,36,128,83,2.0,0.0,1,0,34,3,0,0,0,0,0,1,4,Stu Scheurwater,"J.Ross (5-61-W), H.Strickland (1-H), W.Suero (1-H), D.Hudson (1-Sv)"
119,123,120,120,Aug 14,,CIN,"W,17-7",9.0,13,7,7,0,3,6,3,0,4.41,44,167,119,1.0,0.0,0,0,41,1,0,1,0,0,0,0,3,Alan Porter,"S.Strasburg (4-40-W), M.Grace (2), J.Guerra (1-Sv)"
120,124,121,121,Aug 16,,MIL,"W,2-1",9.0,9,1,1,0,5,12,1,0,4.38,41,154,89,0.0,0.0,2,0,34,3,0,0,2,0,0,0,4,Kerwin Danley,"P.Corbin (5-58), D.Hudson (2), H.Strickland (2-W), S.Doolittle (3-Sv)"
121,125,122,122,Aug 17,,MIL,"L,14-15",14.0,20,15,15,0,8,18,7,0,4.45,65,247,159,1.0,0.0,3,1,57,2,0,1,0,0,0,1,9,Quinn Wolcott,"A.Sanchez (5-27), M.Grace (2), W.Suero (3), H.Strickland (0-H), F.Rodney (6-H), S.Doolittle (0-BSv), D.Hudson (0), T.Rainey (4), J.Guerra (2-L)"
122,126,123,123,Aug 18,,MIL,"W,16-8",9.0,17,8,8,0,2,6,4,1,4.48,46,169,102,0.0,0.0,0,0,42,2,0,0,1,0,1,2,3,Mark Ripperger,"E.Fedde (5-31-W), M.Grace (0), K.McGowin (27)"
123,127,124,124,Aug 19,@,PIT,"W,13-0",9.0,4,0,0,0,2,4,0,0,4.44,32,143,94,2.0,0.0,0,0,30,1,0,0,0,0,0,1,4,Marvin Hudson,"J.Ross (5-56), J.Guerra (1-W), K.McGowin (0), T.Rainey (1)"
124,128,125,125,Aug 20,@,PIT,"L,1-4",8.0,7,4,4,0,3,6,1,0,4.44,33,115,72,3.0,3.0,0,0,29,0,0,1,0,1,0,1,3,Adrian Johnson,"S.Strasburg (5-74), W.Suero (2-L), D.Hudson (2-BSv)"
125,129,126,126,Aug 21,@,PIT,"W,11-1",9.0,5,1,1,0,2,4,0,0,4.41,33,106,72,0.0,0.0,0,0,31,1,0,0,0,0,0,1,2,Gary Cederstrom,"P.Corbin (4-78-W), T.Rainey (1)"
126,130,127,127,Aug 22,@,PIT,"W,7-1",9.0,7,1,1,0,1,7,1,0,4.39,35,152,102,0.0,0.0,3,0,34,1,0,0,0,0,0,0,5,Tom Woodring,"M.Scherzer (27-52), W.Suero (1), H.Strickland (4-W), F.Rodney (4), J.Guerra (2)"
127,131,128,128,Aug 23,@,CHC,"W,9-3",9.0,3,3,1,2,2,7,0,0,4.36,32,125,83,1.0,1.0,0,0,30,1,0,0,0,0,1,1,2,Jordan Baker,"A.Sanchez (5-79-W), M.Grace (4)"
128,132,129,129,Aug 24,@,CHC,"W,7-2",9.0,7,2,2,0,6,12,0,0,4.34,38,166,101,2.0,0.0,0,0,31,3,0,0,1,0,1,2,6,Vic Carapazza,"J.Ross (4-42), W.Suero (1-W), T.Rainey (2), H.Strickland (1), F.Rodney (1), D.Hudson (3)"
129,133,130,130,Aug 25,@,CHC,"W,7-5",11.0,7,5,5,0,3,14,3,1,4.34,43,200,122,0.0,0.0,0,0,39,0,0,0,0,0,0,1,5,Dan Iassogna,"S.Strasburg (4-63), H.Strickland (0-H), F.Rodney (0-BSv), W.Suero (0), D.Hudson (0-W)"
130,134,131,131,Aug 27,,BAL,"L,0-2",9.0,5,2,2,0,0,10,0,1,4.32,32,126,84,0.0,0.0,0,0,30,1,0,0,0,1,0,1,3,Jeremie Rehak,"P.Corbin (5-70-L), W.Suero (1), F.Rodney (1)"
131,135,132,132,Aug 28,,BAL,"W,8-4",9.0,9,4,4,0,2,13,2,0,4.32,37,170,110,2.0,0.0,1,0,35,1,0,0,0,0,0,1,6,Larry Vanover,"M.Scherzer (5-50), W.Suero (0-W), T.Rainey (3), J.Guerra (5), F.Rodney (0), D.Hudson (2)"
132,136,133,133,Aug 30,,MIA,"W,7-6",9.0,8,6,6,0,6,10,2,0,4.33,42,160,106,3.0,1.0,1,0,35,1,0,1,1,0,2,1,6,Lance Barrett,"A.Sanchez (6-55), W.Suero (1-H), H.Strickland (4-H), R.Elias (27-BSv), F.Rodney (1-H), D.Hudson (1-BW)"
133,137,134,134,Aug 31,,MIA,"W,7-0",9.0,2,0,0,0,1,17,0,0,4.3,29,128,92,0.0,0.0,0,0,28,0,0,0,0,0,0,1,2,Nic Lentz,"S.Strasburg (5-92-W), T.Rainey (2)"
134,139,135,135,Sep 1,,MIA,"W,9-3",9.0,4,3,3,0,3,9,1,0,4.29,34,127,83,0.0,0.0,0,0,30,1,0,0,0,1,0,0,4,Chad Fairchild,"P.Corbin (4-59-W), W.Suero (1), J.Guerra (3), S.Doolittle (14)"
135,140,136,136,Sep 2,,NYM,"L,3-7",9.0,11,7,7,0,5,12,1,0,4.31,43,170,107,1.0,1.0,0,0,38,3,0,0,0,0,0,0,4,Alan Porter,"J.Ross (8-18-L), A.Voth (47), E.Fedde (14), T.Rainey (1)"
136,141,137,137,Sep 3,,NYM,"W,11-10",9.0,11,10,6,4,3,7,4,0,4.32,39,147,101,1.0,1.0,1,0,35,2,0,0,0,1,0,1,5,Jim Reynolds,"M.Scherzer (5-52), W.Suero (1), R.Elias (3), D.Hudson (3), J.Guerra (1-W)"
137,142,138,138,Sep 4,,NYM,"L,4-8",9.0,13,8,8,0,6,2,3,0,4.35,43,143,87,1.0,1.0,1,0,37,2,0,1,0,0,0,2,5,Sean Barber,"A.Sanchez (4-22-L), H.Strickland (4), W.Suero (0), F.Rodney (4), S.Doolittle (2)"
138,143,139,139,Sep 5,@,ATL,"L,2-4",8.0,6,4,4,0,4,9,1,0,4.35,33,147,93,1.0,1.0,3,0,29,1,0,0,0,0,0,1,4,Bruce Dreckman,"S.Strasburg (4-55-L), H.Strickland (0), R.Elias (1), F.Rodney (0)"
139,144,140,140,Sep 6,@,ATL,"L,3-4",8.0,7,4,3,1,7,11,2,1,4.34,37,162,93,0.0,0.0,0,1,28,2,0,0,0,1,1,0,4,Paul Emmel,"P.Corbin (4-58-L), T.Rainey (3), W.Suero (1), F.Rodney (0)"
140,145,141,141,Sep 7,@,ATL,"L,4-5",8.0,6,5,5,0,6,10,4,0,4.35,34,147,91,0.0,0.0,1,0,28,0,0,1,0,0,0,1,5,Ryan Blakney,"A.Voth (4-52-L), A.Barrett (99), H.Strickland (1), T.Rainey (0), S.Doolittle (2)"
141,146,142,142,Sep 8,@,ATL,"W,9-4",9.0,7,4,4,0,3,14,2,0,4.35,37,153,100,0.0,0.0,0,0,34,2,0,0,0,0,0,0,3,Mike Estabrook,"M.Scherzer (4-71-W), W.Suero (1), J.Guerra (4)"
142,147,143,143,Sep 10,@,MIN,"L,0-5",8.0,6,5,5,0,3,7,1,1,4.36,34,124,77,3.0,1.0,0,0,29,3,0,1,0,1,0,0,3,Todd Tichenor,"A.Sanchez (5-65-L), T.Rainey (2), J.Guerra (1)"
143,148,144,144,Sep 11,@,MIN,"W,6-2",9.0,8,2,2,0,3,8,1,0,4.34,38,160,100,1.0,0.0,0,0,35,1,0,0,0,0,0,0,5,Phil Cuzzi,"S.Strasburg (5-61-W), W.Suero (2-H), S.Doolittle (3-H), F.Rodney (4-H), D.Hudson (7)"
144,149,145,145,Sep 12,@,MIN,"W,12-6",9.0,12,6,6,0,4,7,2,0,4.35,43,175,105,2.0,0.0,0,0,38,2,0,0,1,0,0,0,5,Adam Hamari,"P.Corbin (5-45-W), H.Strickland (4), A.Barrett (4), F.Rodney (0-H), J.Guerra (1)"
145,150,146,146,Sep 13,,ATL,"L,0-5",9.0,12,5,5,0,5,11,1,0,4.36,43,169,105,2.0,0.0,0,0,37,3,0,1,0,1,0,1,4,Rob Drake,"M.Scherzer (4-45-L), T.Rainey (2), H.Strickland (0), J.Guerra (0)"
146,151,147,147,Sep 14,,ATL,"L,1-10",9.0,14,10,10,0,7,9,0,0,4.4,46,174,106,3.0,3.0,0,1,38,4,0,2,0,1,0,0,4,Tim Timmons,"A.Voth (6-61), W.Suero (2-BL), F.Rodney (1), E.Fedde (11)"
147,152,148,148,Sep 15,,ATL,"W,7-0",9.0,4,0,0,0,1,5,0,0,4.37,32,142,86,0.0,0.0,0,0,31,1,0,0,0,0,0,0,3,Bill Welke,"A.Sanchez (4-73-W), H.Strickland (1), S.Doolittle (3)"
148,153,149,149,Sep 16,@,STL,"L,2-4",8.0,5,4,4,0,6,11,1,0,4.37,35,159,109,1.0,1.0,4,0,29,1,0,0,0,0,0,0,5,Sam Holbrook,"S.Strasburg (4-55), T.Rainey (2), S.Doolittle (0-L), H.Strickland (0), W.Suero (1)"
149,154,150,150,Sep 17,@,STL,"W,6-2",9.0,6,2,0,2,4,14,0,0,4.34,38,154,90,0.0,0.0,1,0,33,2,0,0,1,0,1,0,3,Jim Wolf,"P.Corbin (4-65-W), F.Rodney (2-H), D.Hudson (5-Sv)"
150,155,151,151,Sep 18,@,STL,"L,1-5",8.0,8,5,5,0,1,12,2,0,4.34,32,128,86,0.0,0.0,1,1,31,2,0,0,0,0,0,0,2,John Tumpane,"M.Scherzer (4-51-L), T.Rainey (1)"
151,156,152,152,Sep 20,@,MIA,"W,6-4",9.0,10,4,3,1,2,5,1,1,4.34,38,141,90,4.0,2.0,1,0,35,3,0,0,0,0,1,2,5,Ted Barrett,"A.Sanchez (4-41-W), W.Suero (3-H), T.Rainey (1-H), F.Rodney (2-H), D.Hudson (2-Sv)"
152,157,153,153,Sep 21,@,MIA,"W,10-4",10.0,7,4,4,0,4,10,0,1,4.33,42,174,113,1.0,0.0,0,0,37,4,0,0,0,0,0,0,5,Chris Segal,"S.Strasburg (4-74), F.Rodney (0), H.Strickland (4), W.Suero (0-W), T.Rainey (0)"
153,158,154,154,Sep 22,@,MIA,"L,3-5",8.0,6,5,5,0,4,6,1,1,4.34,35,134,86,2.0,2.0,0,0,29,3,2,1,0,1,1,1,5,Angel Hernandez,"A.Voth (7-57), H.Strickland (0-H), W.Suero (0-BL), T.Rainey (0), J.Guerra (8)"
154,159,155,155,Sep 23,,PHI,"W,7-2",9.0,5,2,2,0,4,8,0,0,4.32,36,144,90,0.0,0.0,0,0,31,2,0,0,1,0,0,0,4,Mark Wegner,"P.Corbin (5-64-W), F.Rodney (1), D.Hudson (2), J.Guerra (0)"
155,160,156,156,Sep 24(1),,PHI,"W,4-1",9.0,5,1,1,0,2,7,0,0,4.3,33,133,87,0.0,0.0,0,0,30,0,0,0,1,0,0,1,6,Alan Porter,"J.Ross (21-50), E.Fedde (9), T.Rainey (1-W), F.Rodney (0-H), S.Doolittle (7-H), D.Hudson (0-Sv)"
156,161,157,157,Sep 24(2),,PHI,"W,6-5",9.0,6,5,5,0,1,11,3,0,4.31,34,136,96,0.0,0.0,0,0,33,1,0,0,0,0,0,0,4,Stu Scheurwater,"M.Scherzer (5-55-W), H.Strickland (1-H), J.Guerra (0-H), D.Hudson (-1-Sv)"
157,162,158,158,Sep 25,,PHI,"W,5-2",9.0,8,2,2,0,0,11,1,0,4.29,34,119,83,1.0,0.0,2,0,34,2,0,0,0,0,0,1,4,Ben May,"A.Sanchez (4-64-W), W.Suero (2-H), H.Strickland (0-H), S.Doolittle (0-Sv)"
158,163,159,159,Sep 26,,PHI,"W,6-3",9.0,7,3,3,0,2,15,2,0,4.28,33,162,104,1.0,0.0,0,0,31,1,0,0,0,0,0,3,5,Vic Carapazza,"S.Strasburg (4-70-W), T.Rainey (1), J.Guerra (1), F.Rodney (1-H), D.Hudson (1-Sv)"
159,164,160,160,Sep 27,,CLE,"W,8-2",9.0,3,2,2,0,0,8,0,0,4.27,30,111,73,0.0,0.0,0,0,28,2,0,0,1,1,0,0,4,Joe West,"A.Voth (4-65-W), H.Strickland (1), W.Suero (1), T.Rainey (0)"
160,165,161,161,Sep 28,,CLE,"W,10-7",9.0,9,7,7,0,5,12,4,0,4.29,40,164,102,0.0,0.0,0,0,35,2,0,0,0,0,0,1,6,Bruce Dreckman,"P.Corbin (4-31), W.Suero (0), J.Guerra (1), F.Rodney (1), D.Hudson (1-W), S.Doolittle (2)"
161,166,162,162,Sep 29,,CLE,"W,8-2",9.0,6,2,2,0,4,8,1,0,4.27,36,131,76,0.0,0.0,0,0,32,1,0,0,0,0,0,1,3,Cory Blaser,"J.Ross (4-66-W), A.Barrett (16), E.Fedde (4)"
