,index,Rk,Gtm,Date,Unnamed: 3,Opp,Rslt,IP,H,R,ER,UER,BB,SO,HR,HBP,ERA,BF,Pit,Str,IR,IS,SB,CS,AB,2B,3B,IBB,SH,SF,ROE,GDP,#,Umpire,Pitchers Used (Rest-GameScore-Dec)
0,0,1,1,Mar 28,@,TOR,"W,2-0",10.0,2,0,0,0,1,7,0,0,0.0,33,108,71,0,0,0,0,32,0,0,0,0,0,0,0,4,Dana DeMuth,"J.Zimmermann (99-79), J.Jimenez (99), V.Alcantara (99-W), S.Greene (99-Sv)"
1,1,2,2,Mar 29,@,TOR,"L,0-6",8.0,7,6,5,1,3,12,0,0,2.5,34,138,83,0,0,0,0,31,0,1,0,0,0,0,0,4,Angel Hernandez,"M.Boyd (99-52-L), B.Farmer (99), B.Hardy (99), R.Garrett (99)"
2,2,3,3,Mar 30,@,TOR,"L,0-3",8.0,6,3,3,0,4,6,1,2,2.77,35,135,81,2,0,0,0,28,2,0,0,1,0,0,0,3,Ed Hickox,"S.Turnbull (99-50-L), D.Norris (99), V.Alcantara (1)"
3,3,4,4,Mar 31,@,TOR,"W,4-3",11.0,8,3,3,0,1,10,1,1,2.68,41,139,94,0,0,0,0,39,2,0,0,0,0,0,1,5,Chad Whitson,"M.Moore (99-78), J.Jimenez (2-BSv), B.Farmer (1), D.Stumpf (99-W), S.Greene (2-Sv)"
4,4,5,5,Apr 1,@,NYY,"L,1-3",8.0,5,3,2,1,4,8,2,0,2.6,33,134,81,0,0,1,0,29,1,0,0,0,0,0,0,3,Gerry Davis,"T.Ross (99-49-L), B.Hardy (2), R.Garrett (2)"
5,5,6,6,Apr 2,@,NYY,"W,3-1",9.0,6,1,1,0,1,8,0,1,2.33,34,121,87,1,0,1,0,31,1,0,1,0,1,0,0,4,Brian Knight,"J.Zimmermann (4-63), D.Stumpf (1), J.Jimenez (1-W), S.Greene (1-Sv)"
6,6,7,7,Apr 3,@,NYY,"W,2-1",9.0,5,1,1,0,4,18,0,0,2.14,35,136,86,0,0,1,1,31,1,0,0,0,0,1,0,4,Jeremie Rehak,"M.Boyd (4-69), B.Farmer (2-W), J.Jimenez (0-H), S.Greene (0-Sv)"
7,7,8,8,Apr 4,,KCR,"W,5-4",9.0,8,4,3,1,2,12,1,0,2.25,37,126,88,0,0,0,0,34,1,1,0,0,1,0,0,3,Doug Eddings,"S.Turnbull (4-58), B.Hardy (2-W), S.Greene (0-Sv)"
8,8,9,9,Apr 6,,KCR,"W,7-4",9.0,6,4,4,0,2,8,3,0,2.44,35,128,83,1,1,1,0,33,0,0,0,0,0,0,0,5,Chris Conroy,"M.Moore (5-60), D.Norris (6), V.Alcantara (6-W), J.Jimenez (2-H), S.Greene (1-Sv)"
9,9,10,10,Apr 7,,KCR,"W,3-1",9.0,7,1,1,0,2,10,0,0,2.3,33,127,83,0,0,2,2,31,1,0,0,0,0,0,0,3,Bill Miller,"T.Ross (5-70-W), J.Jimenez (0-H), S.Greene (0-Sv)"
10,10,11,11,Apr 9,,CLE,"L,2-8",9.0,8,8,6,2,4,8,4,0,2.64,37,143,85,0,0,1,1,32,2,0,0,0,1,0,1,5,Ted Barrett,"J.Zimmermann (6-39-L), B.Hardy (4), R.Garrett (7), D.Stumpf (6), D.VerHagen (99)"
11,11,12,12,Apr 10,,CLE,"W,4-1",9.0,5,1,1,0,5,9,0,1,2.5,37,151,92,4,0,0,0,31,3,0,0,0,0,0,1,6,Sean Barber,"M.Boyd (6-64-W), V.Alcantara (3-H), D.Stumpf (0-H), J.Jimenez (2-H), B.Farmer (6-H), S.Greene (2-Sv)"
12,12,13,13,Apr 11,,CLE,"L,0-4",9.0,11,4,4,0,6,8,1,0,2.62,41,180,106,0,0,2,1,35,2,0,0,0,0,0,1,5,Lance Barksdale,"S.Turnbull (6-37-L), B.Hardy (1), D.VerHagen (1), R.Garrett (1), V.Alcantara (0)"
13,13,14,14,Apr 13,@,MIN,"L,3-4",8.0,5,4,4,0,7,7,0,0,2.74,34,143,85,5,0,0,1,26,0,0,0,0,1,0,0,5,Mike Everitt,"T.Ross (5-45-L), D.VerHagen (1), D.Stumpf (2), V.Alcantara (1), B.Farmer (2)"
14,14,15,15,Apr 14,@,MIN,"L,4-6",8.0,14,6,6,0,2,4,2,0,2.98,37,143,89,0,0,0,0,35,5,0,0,0,0,0,3,4,Bill Welke,"J.Zimmermann (4-23-L), D.Norris (7), R.Garrett (2), V.Alcantara (0)"
15,15,16,16,Apr 16,,PIT,"L,3-5",10.0,8,5,5,0,1,11,2,0,3.08,39,147,100,0,0,0,0,37,0,0,0,1,0,0,0,4,Chad Fairchild,"M.Boyd (5-59), B.Farmer (2), B.Hardy (4), S.Greene (5-L)"
16,16,17,17,Apr 17,,PIT,"L,2-3",10.0,6,3,2,1,5,9,0,1,3.0,42,162,106,5,1,0,0,35,1,0,1,0,1,1,1,7,Jim Wolf,"S.Turnbull (5-69), V.Alcantara (2-H), J.Jimenez (6), D.Stumpf (3-BSv), S.Greene (0), B.Farmer (0-L), D.VerHagen (3)"
17,17,18,18,Apr 18,,CHW,"W,9-7",9.0,10,7,4,3,2,3,3,0,3.06,42,157,110,3,1,1,0,40,1,0,0,0,0,3,0,5,Adam Hamari,"T.Ross (4-46), B.Hardy (1), V.Alcantara (0-BSv), D.VerHagen (0-W), S.Greene (0-Sv)"
18,18,19,19,Apr 19,,CHW,"L,3-7",9.0,11,7,7,0,5,8,1,0,3.26,41,147,88,2,1,2,0,36,1,0,0,0,0,0,2,4,Todd Tichenor,"J.Zimmermann (4-41-L), D.Stumpf (1), R.Garrett (4), J.Jimenez (1)"
19,19,20,20,Apr 21,,CHW,"W,4-3",9.0,6,3,3,0,1,11,0,0,3.25,33,145,100,2,2,2,1,32,1,0,0,0,0,0,0,5,Phil Cuzzi,"D.Norris (6-68-W), B.Farmer (3-H), B.Hardy (2-H), V.Alcantara (2-H), S.Greene (2-Sv)"
20,20,21,21,Apr 23(1),@,BOS,"W,7-4",9.0,5,4,4,0,2,6,2,0,3.29,33,113,80,1,0,0,0,30,1,0,0,0,0,1,3,4,David Rackley,"M.Boyd (6-60-W), D.Stumpf (3-H), V.Alcantara (1-H), D.VerHagen (4)"
21,21,22,22,Apr 23(2),@,BOS,"W,4-2",9.0,9,2,2,0,6,7,1,2,3.23,42,171,97,3,0,0,0,34,0,0,0,0,0,0,2,8,Dan Bellino,"S.Turnbull (5-59-W), B.Farmer (1-H), J.Jimenez (3-H), D.Stumpf (-1-H), V.Alcantara (-1-H), J.Fernandez (99), Z.Reininger (99-H), S.Greene (1-Sv)"
22,22,23,23,Apr 24,@,BOS,"L,4-11",8.0,12,11,11,0,10,7,0,1,3.58,45,175,99,8,5,1,2,34,3,0,1,0,0,0,0,5,Alfonso Marquez,"T.Ross (5-39-L), R.Garrett (4), J.Fernandez (0), D.VerHagen (0), B.Farmer (0)"
23,23,24,24,Apr 25,@,BOS,"L,3-7",8.0,10,7,7,0,3,6,1,0,3.74,36,147,87,0,0,0,0,33,6,0,0,0,0,0,1,5,Larry Vanover,"J.Zimmermann (5-28-L), B.Farmer (0), V.Alcantara (1), J.Jimenez (1), D.Stumpf (1)"
24,24,25,25,Apr 26,@,CHW,"L,11-12",8.2,21,12,12,0,4,10,4,0,4.08,47,166,104,2,1,2,0,43,4,0,1,0,0,0,2,6,Cory Blaser,"D.Norris (4-34), Z.Reininger (2), D.VerHagen (1-H), R.Garrett (1-BSv), D.Stumpf (0), J.Jimenez (0-L)"
25,25,26,26,Apr 28,@,CHW,"L,1-4",8.0,9,4,4,0,3,10,0,1,4.1,37,141,96,0,0,0,0,31,1,0,1,1,1,1,1,3,Tony Randazzo,"M.Boyd (4-62-L), B.Farmer (2), V.Alcantara (2)"
26,26,27,27,Apr 30,@,PHI,"W,3-1",9.0,4,1,1,0,2,10,0,2,3.98,35,133,87,0,0,1,0,31,1,0,0,0,0,0,0,4,D.J. Reyburn,"S.Turnbull (6-65-W), V.Alcantara (1-H), J.Jimenez (3-H), S.Greene (6-Sv)"
27,28,28,28,May 1,@,PHI,"L,3-7",8.0,15,7,7,0,1,7,1,1,4.11,37,131,89,7,3,0,0,35,4,0,0,0,0,0,2,6,Fieldin Culbreth,"D.Norris (4-56), B.Farmer (2-L), D.Stumpf (4), V.Alcantara (0-BSv), D.VerHagen (4), Z.Reininger (4)"
28,29,29,29,May 3,,KCR,"W,4-3",9.0,7,3,3,0,1,13,1,1,4.07,35,139,103,0,0,0,1,32,1,1,0,0,1,0,0,3,Adrian Johnson,"M.Boyd (4-67-W), J.Jimenez (2-H), S.Greene (2-Sv)"
29,30,30,30,May 4,,KCR,"L,3-15",9.0,19,15,14,1,10,6,2,0,4.4,54,188,109,6,0,1,0,43,5,1,0,0,1,0,2,6,Quinn Wolcott,"T.Ross (9-19-L), R.Garrett (7), J.Fernandez (9), Z.Reininger (2), D.VerHagen (2), B.Farmer (2)"
30,31,31,31,May 5,,KCR,"W,5-2",10.0,7,2,2,0,2,11,1,0,4.31,40,157,102,0,0,1,0,37,2,0,0,1,0,1,0,5,Gary Cederstrom,"S.Turnbull (4-67), J.Jimenez (1-BSv), S.Greene (1), D.Stumpf (3), B.Farmer (0-W)"
31,32,32,32,May 7,,LAA,"L,2-5",9.0,9,5,5,0,5,4,0,0,4.33,41,165,96,2,1,1,1,35,2,0,0,0,1,1,0,6,Stu Scheurwater,"D.Norris (5-45-L), Z.Reininger (2), E.Jimenez (99), V.Alcantara (5), J.Fernandez (2), B.Farmer (1)"
32,33,33,33,May 8,,LAA,"W,10-3",9.0,7,3,3,0,1,9,2,1,4.29,37,148,98,0,0,0,0,35,2,0,0,0,0,1,0,4,Mark Wegner,"M.Boyd (4-68-W), D.Stumpf (2), J.Jimenez (2), R.Garrett (3)"
33,34,34,34,May 9,,LAA,"L,0-13",9.0,15,13,13,0,4,3,5,0,4.55,44,173,103,1,0,0,0,38,3,1,0,0,2,1,3,4,Alan Porter,"R.Carpenter (99-30-L), Z.Reininger (1), E.Jimenez (1), R.Garrett (0)"
34,35,35,35,May 10,@,MIN,"L,0-6",8.0,7,6,6,0,7,5,2,1,4.61,38,145,84,2,1,1,0,30,1,0,0,0,0,0,1,4,Paul Nauert,"T.Ross (5-29-L), V.Alcantara (2), D.Stumpf (1), B.Farmer (2)"
35,36,36,36,May 11(1),@,MIN,"W,5-3",9.0,7,3,3,0,5,8,2,1,4.56,40,169,103,0,0,1,0,34,3,0,0,0,0,0,0,5,Hunter Wendelstedt,"S.Turnbull (5-55), B.Hardy (19-H), B.Farmer (0-H), J.Jimenez (2-BW), S.Greene (5-Sv)"
36,37,37,37,May 11(2),@,MIN,"L,3-8",8.0,15,8,8,0,3,6,2,0,4.67,42,160,100,0,0,0,0,37,2,1,0,0,2,0,0,2,Chad Whitson,"G.Soto (99-15-L), N.Ramirez (99)"
37,38,38,38,May 12,@,MIN,"W,5-3",9.0,10,3,3,0,4,8,1,0,4.62,41,162,95,6,2,0,0,37,3,0,0,0,0,0,0,6,Jordan Baker,"D.Norris (4-57-W), V.Alcantara (1), D.Stumpf (1), B.Farmer (0-H), J.Jimenez (0-H), S.Greene (0-Sv)"
38,39,39,39,May 13,,HOU,"L,1-8",9.0,11,8,8,0,3,3,4,1,4.71,40,178,119,0,0,1,1,36,1,0,0,0,0,0,1,4,Paul Emmel,"M.Boyd (4-40-L), Z.Reininger (3), V.Alcantara (0), R.Garrett (3)"
39,40,40,40,May 14,,HOU,"L,4-11",9.0,14,11,10,1,5,10,3,0,4.85,47,169,106,0,0,0,0,41,3,2,0,0,1,1,0,5,Mike Estabrook,"R.Carpenter (4-16-L), B.Farmer (1), D.Stumpf (1), B.Hardy (2), V.Alcantara (0)"
40,41,41,41,May 15,,HOU,"L,1-5",9.0,8,5,4,1,5,5,1,0,4.83,40,157,97,0,0,0,1,33,1,1,0,1,1,2,1,4,Bruce Dreckman,"G.Soto (3-43-L), N.Ramirez (3), Z.Reininger (1), J.Jimenez (2)"
41,42,42,42,May 16,,OAK,"L,3-17",9.0,16,17,12,5,5,8,5,1,5.0,50,185,116,0,0,0,0,44,3,1,0,0,0,1,0,5,Rob Drake,"S.Turnbull (4-42-L), B.Hardy (1), R.Garrett (2), V.Alcantara (1), B.Dixon (99)"
42,43,43,43,May 17,,OAK,"L,2-7",9.0,9,7,7,0,3,4,2,0,5.05,38,149,97,0,0,0,0,35,1,0,0,0,0,0,1,4,Mike Muchlinski,"D.Norris (4-31-L), B.Farmer (2), S.Baez (99), S.Greene (4)"
43,44,44,44,May 18,,OAK,"L,1-4",9.0,8,4,4,0,0,11,2,0,5.02,34,141,101,1,0,1,0,34,1,0,0,0,0,0,1,5,Mike Winters,"M.Boyd (4-51-L), Z.Reininger (2), D.Stumpf (3), V.Alcantara (1), J.Jimenez (2)"
44,45,45,45,May 19 susp,,OAK,"L,3-7",9.0,12,7,7,0,4,7,1,0,5.07,42,162,104,4,0,0,0,37,2,1,1,0,1,0,1,6,Tim Timmons,"G.Soto (3-43), B.Farmer (1), D.Stumpf (0), Z.Reininger (0-L), V.Alcantara (0), D.McKay (99)"
45,46,46,46,May 21,,MIA,"L,4-5",11.0,10,5,5,0,4,10,2,0,5.04,47,170,111,0,0,0,0,42,3,0,1,0,1,1,1,5,Paul Nauert,"S.Turnbull (4-43), N.Ramirez (5), B.Hardy (4), S.Greene (3), J.Jimenez (2-L)"
46,47,47,47,May 22,,MIA,"L,3-6",9.0,11,6,6,0,2,7,2,0,5.06,37,156,103,2,1,0,1,35,1,0,0,0,0,0,2,4,CB Bucknor,"D.Norris (4-57), B.Farmer (2-BL), V.Alcantara (2), Z.Reininger (2)"
47,48,48,48,May 23,,MIA,"L,2-5",9.0,7,5,0,5,3,8,1,1,4.95,39,143,96,1,0,1,0,35,1,0,1,0,0,2,0,4,D.J. Reyburn,"M.Boyd (4-68), B.Hardy (1-H), J.Jimenez (1-H), S.Greene (1-BL)"
48,49,49,49,May 24,@,NYM,"W,9-8",9.0,11,8,8,0,2,7,5,0,5.02,39,149,100,0,0,0,0,37,3,0,0,0,0,0,1,6,Gabe Morales,"G.Soto (4-32), Z.Reininger (1), B.Farmer (1-W), V.Alcantara (1-H), J.Jimenez (0-H), S.Greene (0-Sv)"
49,50,50,50,May 25,@,NYM,"L,4-5",12.0,7,5,4,1,3,8,3,1,4.96,48,164,102,0,0,0,0,44,0,0,0,0,0,2,1,7,Marty Foster,"R.Carpenter (10-62), N.Ramirez (3-BSv), B.Hardy (1), V.Alcantara (0), D.Stumpf (5), J.Jimenez (0), B.Farmer (0-L)"
50,51,51,51,May 26,@,NYM,"L,3-4",8.0,8,4,4,0,1,8,1,1,4.96,32,107,74,1,0,1,0,30,1,0,0,0,0,0,2,3,Jerry Meals,"S.Turnbull (4-54-L), D.Stumpf (0), Z.Reininger (1)"
51,52,52,52,May 27,@,BAL,"L,3-5",8.0,7,5,3,2,3,6,2,0,4.93,35,132,88,1,0,1,0,30,1,0,0,1,1,0,0,3,Adam Hamari,"D.Norris (4-47-L), V.Alcantara (1), B.Hardy (1)"
52,53,53,53,May 28,@,BAL,"W,3-0",9.0,6,0,0,0,2,13,0,1,4.83,35,160,104,4,0,1,1,32,0,0,0,0,0,0,0,5,Phil Cuzzi,"M.Boyd (4-67-W), B.Farmer (2-H), D.Stumpf (1-H), J.Jimenez (2-H), S.Greene (3-Sv)"
53,54,54,54,May 29,@,BAL,"W,4-2",9.0,5,2,2,0,2,10,1,2,4.78,36,131,87,0,0,1,0,32,3,0,0,0,0,0,0,3,Todd Tichenor,"R.Carpenter (3-52), N.Ramirez (3-W), S.Greene (0-Sv)"
54,55,55,55,May 31,@,ATL,"W,8-2",9.0,7,2,1,1,1,4,0,0,4.71,33,127,79,3,1,2,0,31,0,0,0,0,1,0,2,4,Marvin Hudson,"S.Turnbull (4-57-W), B.Farmer (2), V.Alcantara (3), Z.Reininger (4)"
55,57,56,56,Jun 1,@,ATL,"L,5-10",8.0,11,10,6,4,1,8,3,0,4.75,38,136,88,0,0,0,0,36,2,1,0,1,0,2,0,4,Adrian Johnson,"D.Norris (4-37-L), Z.Reininger (0), A.Adams (8), D.Stumpf (3)"
56,58,57,57,Jun 2,@,ATL,"L,4-7",8.0,7,7,4,3,2,13,1,0,4.74,35,150,93,2,2,0,0,32,4,1,0,0,1,1,0,4,Quinn Wolcott,"M.Boyd (4-54), N.Ramirez (3), J.Jimenez (4-L), B.Hardy (5)"
57,59,58,58,Jun 4,,TBR,"W,9-6",9.0,9,6,6,0,2,4,2,1,4.76,37,137,90,2,2,0,0,34,1,0,0,0,0,0,1,4,Bruce Dreckman,"R.Carpenter (5-58-W), J.Jimenez (1), B.Farmer (3), S.Greene (5-Sv)"
58,60,59,59,Jun 5,,TBR,"L,0-4",9.0,7,4,3,1,8,5,0,1,4.73,43,170,94,0,0,0,1,34,1,1,1,0,0,0,0,5,Paul Emmel,"S.Turnbull (4-46-L), N.Ramirez (2), B.Hardy (2), Z.Reininger (3), A.Adams (3)"
59,61,60,60,Jun 6,,TBR,"L,1-6",9.0,14,6,6,0,2,9,3,0,4.75,41,156,103,1,0,0,2,38,3,0,0,1,0,0,0,5,Mike Estabrook,"D.Norris (4-40-L), V.Alcantara (5), D.Stumpf (4), B.Farmer (1), A.Adams (0)"
60,62,61,61,Jun 7,,MIN,"L,3-6",9.0,14,6,6,0,2,10,3,0,4.78,42,157,102,2,0,0,1,40,4,0,1,0,0,0,0,4,James Hoye,"M.Boyd (4-55), J.Jimenez (2-L), Z.Reininger (1), D.Stumpf (0)"
61,63,62,62,Jun 8,,MIN,"W,9-3",9.0,6,3,3,0,4,9,1,0,4.75,36,148,89,0,0,0,0,32,1,0,0,0,0,0,1,5,Chad Whitson,"B.Farmer (1-51), N.Ramirez (2-W), V.Alcantara (1-H), B.Hardy (2-H), S.Greene (3)"
62,64,63,63,Jun 9,,MIN,"L,2-12",9.0,17,12,12,0,4,7,4,1,4.86,49,178,116,2,2,0,0,43,4,0,0,0,1,0,0,5,Brian O'Nora,"R.Carpenter (4-9-L), A.Adams (2), C.Torres (99), D.Stumpf (1), J.Jimenez (1)"
63,65,64,64,Jun 11,@,KCR,"L,2-3",8.0,9,3,3,0,2,5,1,0,4.84,35,137,89,1,1,4,0,33,2,0,0,0,0,0,0,4,Joe West,"S.Turnbull (5-67), B.Hardy (2-H), D.Stumpf (1-H), V.Alcantara (2-BL)"
64,66,65,65,Jun 12,@,KCR,"W,3-2",9.0,8,2,2,0,4,10,0,1,4.8,40,142,90,0,0,4,0,35,3,0,0,0,0,0,0,4,Eric Cooper,"D.Norris (5-51), N.Ramirez (3-W), J.Jimenez (2-H), S.Greene (3-Sv)"
65,67,66,66,Jun 13,@,KCR,"L,3-7",8.0,10,7,6,1,4,12,1,0,4.82,39,166,100,0,0,0,0,35,4,0,0,0,0,1,0,3,Alan Porter,"M.Boyd (5-37-L), C.Torres (3), A.Adams (3)"
66,68,67,67,Jun 14,,CLE,"L,4-13",9.0,17,13,7,6,5,7,2,0,4.86,50,194,121,3,3,0,0,45,3,2,0,0,0,1,0,5,Dan Iassogna,"R.Carpenter (4-13-L), B.Farmer (5), D.Stumpf (2), B.Hardy (2), C.Torres (0)"
67,69,68,68,Jun 15,,CLE,"L,2-4",9.0,9,4,4,0,5,5,0,0,4.84,42,153,95,0,0,5,0,36,2,0,0,0,1,1,0,4,Manny Gonzalez,"G.Soto (21-57), N.Ramirez (2-L), V.Alcantara (3), J.Jimenez (2)"
68,70,69,69,Jun 16,,CLE,"L,0-8",9.0,14,8,8,0,6,8,1,0,4.89,45,170,107,3,1,1,0,38,5,0,1,0,1,0,1,5,Sam Holbrook,"S.Turnbull (4-25-L), A.Adams (2), D.Stumpf (1), C.Torres (1), S.Greene (3)"
69,71,70,70,Jun 18,@,PIT,"W,5-4",9.0,8,4,2,2,4,6,1,1,4.85,40,161,94,2,2,0,0,35,1,2,0,0,0,1,1,6,Alfonso Marquez,"D.Norris (5-59), V.Alcantara (2-H), D.Stumpf (1), B.Farmer (3-BW), J.Jimenez (2-H), S.Greene (1-Sv)"
70,72,71,71,Jun 19,@,PIT,"L,7-8",8.0,11,8,8,0,1,7,2,1,4.9,37,143,101,0,0,0,0,35,2,0,0,0,0,0,0,4,Dan Bellino,"J.Zimmermann (54-43), N.Ramirez (3-L), V.Alcantara (0), B.Hardy (4)"
71,73,72,72,Jun 21,@,CLE,"L,6-7",8.0,12,7,7,0,2,9,3,0,4.94,38,138,86,3,1,1,0,34,0,1,0,1,1,0,0,5,Marvin Hudson,"M.Boyd (7-42), B.Farmer (2), J.Jimenez (2-L), D.Stumpf (2), A.Adams (4)"
72,74,73,73,Jun 22,@,CLE,"L,0-2",8.0,6,2,2,0,2,7,0,1,4.91,31,135,78,0,0,1,1,28,1,1,0,0,0,0,0,4,Roberto Ortiz,"S.Turnbull (5-49-L), B.Hardy (2), N.Ramirez (2), V.Alcantara (2)"
73,75,74,74,Jun 23,@,CLE,"L,3-8",8.0,10,8,8,0,2,10,1,0,4.96,36,132,92,0,0,2,0,34,2,0,0,0,0,0,0,2,Adrian Johnson,"D.Norris (4-45-L), J.Cisnero (99)"
74,76,75,75,Jun 25,,TEX,"L,3-5",9.0,12,5,4,1,1,7,1,1,4.94,41,145,99,0,0,0,1,37,2,0,0,0,2,1,0,5,James Hoye,"J.Zimmermann (5-38-L), D.Stumpf (3), B.Hardy (2), N.Ramirez (2), S.Greene (6)"
75,77,76,76,Jun 26,,TEX,"L,1-4",9.0,8,4,4,0,3,12,3,0,4.93,36,122,81,1,0,0,0,32,2,0,1,0,1,0,2,4,Mark Carlson,"M.Boyd (4-61-L), V.Alcantara (3), D.Stumpf (0), A.Adams (4)"
76,78,77,77,Jun 27,,TEX,"L,1-3",9.0,5,3,3,0,3,13,2,0,4.9,35,151,99,0,0,0,0,30,1,0,0,1,1,0,0,6,Tripp Gibson,"S.Turnbull (4-52-L), N.Ramirez (1), B.Farmer (5), B.Hardy (1), J.Jimenez (5), J.Cisnero (3)"
77,79,78,78,Jun 28,,WSN,"L,1-3",9.0,7,3,3,0,3,6,1,0,4.88,36,140,87,1,1,1,0,33,2,0,0,0,0,0,0,6,Brian O'Nora,"D.Norris (4-51-L), B.Farmer (0), V.Alcantara (1), D.Stumpf (1), J.Cisnero (0), A.Adams (1)"
78,80,79,79,Jun 29,,WSN,"W,7-5",9.0,9,5,4,1,2,8,1,0,4.87,37,156,104,1,1,0,1,34,1,0,0,1,0,0,0,6,Mark Ripperger,"G.Soto (13-41), B.Hardy (1), A.Adams (0), V.Alcantara (0-W), J.Jimenez (1-H), S.Greene (3-Sv)"
79,81,80,80,Jun 30,,WSN,"L,1-2",9.0,7,2,2,0,5,6,1,0,4.83,39,153,89,3,0,3,0,34,1,0,0,0,0,0,0,5,Brennan Miller,"J.Zimmermann (4-62), B.Farmer (1), D.Stumpf (1), J.Jimenez (0-L), J.Cisnero (1)"
80,83,81,81,Jul 3(1),@,CHW,"L,5-7",8.0,12,7,7,0,3,4,0,1,4.87,37,152,99,3,2,1,0,31,5,0,0,1,1,0,1,4,Bill Miller,"D.Norris (4-26-L), B.Farmer (2), B.Hardy (3), A.Adams (3)"
81,84,82,82,Jul 3(2),@,CHW,"L,6-9",11.2,10,9,9,0,3,10,5,0,4.9,48,192,127,1,1,0,0,44,1,0,0,0,1,0,0,7,Doug Eddings,"T.Alexander (99-53), V.Alcantara (3-H), D.Stumpf (2), J.Cisnero (2-BSv), J.Jimenez (2), S.Greene (3-BSv), N.Ramirez (5-L)"
82,85,83,83,Jul 4,@,CHW,"W,11-5",9.0,13,5,5,0,1,16,2,0,4.9,41,163,113,3,1,0,0,39,1,0,0,0,1,0,0,5,Jansen Visconti,"M.Boyd (7-47-W), B.Hardy (0), B.Farmer (0), D.Stumpf (0), S.Greene (0)"
83,86,84,84,Jul 5,,BOS,"L,6-9",9.0,14,9,7,2,4,6,2,0,4.93,45,177,121,0,0,0,0,40,3,0,0,0,1,1,1,5,Eric Cooper,"R.Carpenter (20-44-L), J.Cisnero (1), G.Soto (5), A.Adams (1), N.Ramirez (1)"
84,87,85,85,Jul 6,,BOS,"L,6-10",9.0,17,10,9,1,4,6,0,0,4.97,49,189,117,4,2,1,0,42,3,2,0,1,2,2,1,6,Andy Fletcher,"J.Zimmermann (5-8-L), B.Hardy (1), E.Jimenez (57), D.Stumpf (1), B.Farmer (1), A.Adams (0)"
85,88,86,86,Jul 7,,BOS,"L,3-6",9.0,9,6,6,0,2,8,1,0,4.99,38,152,100,0,0,1,0,36,2,0,1,0,0,1,0,5,Will Little,"G.Soto (1-43-L), N.Ramirez (1), J.Cisnero (1), E.Jimenez (0), J.Jimenez (3)"
86,89,87,87,Jul 12,@,KCR,"L,5-8",8.0,9,8,7,1,4,6,3,0,5.02,36,137,85,1,0,2,1,31,3,0,0,0,1,0,1,5,Marvin Hudson,"S.Turnbull (14-31), G.Soto (4), B.Hardy (5-L), B.Farmer (5), J.Cisnero (4)"
87,90,88,88,Jul 13,@,KCR,"L,1-4",8.0,8,4,4,0,4,10,0,0,5.01,33,122,85,0,0,0,0,28,1,0,0,1,0,0,3,2,Adrian Johnson,"M.Boyd (8-55-L), J.Jimenez (5)"
88,91,89,89,Jul 14,@,KCR,"W,12-8",9.0,10,8,8,0,1,4,1,1,5.04,38,119,86,2,1,1,0,36,2,1,0,0,0,0,1,4,Quinn Wolcott,"J.Zimmermann (7-20), N.Ramirez (6-W), D.Stumpf (7), S.Greene (9)"
89,92,90,90,Jul 15,@,CLE,"L,6-8",8.0,14,8,8,0,2,10,3,0,5.08,39,132,90,4,2,1,0,37,2,0,0,0,0,0,0,5,Laz Diaz,"D.Norris (11-39), D.Stumpf (0-BSv), V.Alcantara (11-L), J.Cisnero (2), T.Rosenthal (22)"
90,93,91,91,Jul 16,@,CLE,"L,0-8",8.0,9,8,8,0,2,3,2,0,5.12,35,121,82,0,0,1,0,33,5,0,0,0,0,1,1,5,Tony Randazzo,"R.Carpenter (10-16-L), B.Farmer (3), B.Hardy (3), V.Alcantara (0), D.Stumpf (0)"
91,94,92,92,Jul 17,@,CLE,"L,2-7",8.0,12,7,7,0,2,3,1,0,5.15,36,133,84,3,3,1,1,34,3,0,0,0,0,1,1,4,Ben May,"S.Turnbull (4-50-L), N.Ramirez (2), J.Jimenez (3), Z.Reininger (39)"
92,95,93,93,Jul 18,@,CLE,"L,3-6",8.0,8,6,5,1,2,9,2,0,5.15,33,137,90,1,0,0,0,30,1,0,0,0,1,0,1,4,Cory Blaser,"M.Boyd (4-48-L), D.Stumpf (1), B.Farmer (1), T.Rosenthal (2)"
93,96,94,94,Jul 19,,TOR,"L,1-12",9.0,15,12,12,0,5,12,1,0,5.23,47,198,124,5,2,0,0,42,2,0,0,0,0,0,0,6,Gerry Davis,"J.Zimmermann (4-24-L), Z.Reininger (1), V.Alcantara (2), B.Hardy (2), N.Ramirez (1), S.Greene (4)"
94,97,95,95,Jul 20,,TOR,"L,5-7",9.0,12,7,7,0,2,8,2,0,5.25,39,148,103,0,0,0,1,37,3,0,0,0,0,0,0,5,Phil Cuzzi,"D.Norris (4-50), G.Soto (7-L), B.Farmer (1), T.Rosenthal (1), J.Jimenez (2)"
95,98,96,96,Jul 21,,TOR,"W,4-3",10.0,5,3,2,1,2,6,1,0,5.21,36,136,90,0,0,0,0,34,2,0,0,0,0,1,1,4,Brennan Miller,"T.Alexander (17-67), J.Jimenez (0-H), S.Greene (1-BSv), N.Ramirez (1-W)"
96,99,97,97,Jul 23,,PHI,"L,2-3",15.0,9,3,3,0,4,18,1,0,5.15,59,222,144,0,0,0,0,54,2,1,1,1,0,1,0,8,Jeremie Rehak,"M.Boyd (4-60), B.Farmer (2), J.Jimenez (1), S.Greene (1), T.Rosenthal (2), B.Hardy (3), N.Ramirez (1), D.Stumpf (4-L)"
97,100,98,98,Jul 24,,PHI,"L,0-4",9.0,10,4,4,0,2,8,2,1,5.14,39,172,110,2,0,1,0,36,2,1,0,0,0,0,0,3,James Hoye,"J.Zimmermann (4-33-L), J.Cisnero (8), G.Soto (3)"
98,101,99,99,Jul 25,@,SEA,"L,2-10",8.0,9,10,9,1,7,11,2,1,5.18,41,165,100,0,0,2,0,33,4,1,0,0,0,1,1,4,Ted Barrett,"D.VerHagen (81-24-L), B.Hardy (1), B.Farmer (1), T.Rosenthal (1)"
99,102,100,100,Jul 26,@,SEA,"L,2-3",8.2,8,3,3,0,3,9,1,1,5.16,37,141,87,3,0,1,1,32,2,0,1,1,0,0,0,5,Lance Barksdale,"D.Norris (5-62), B.Farmer (0), N.Ramirez (2), J.Jimenez (2), J.Cisnero (1-L)"
100,103,101,101,Jul 27,@,SEA,"L,1-8",8.0,16,8,8,0,4,16,0,1,5.2,44,175,112,4,2,0,0,39,5,1,1,0,0,0,1,3,Kerwin Danley,"T.Alexander (5-39-L), N.Ramirez (0), G.Soto (2)"
101,104,102,102,Jul 28,@,SEA,"L,2-3",9.1,6,3,3,0,4,14,1,0,5.17,38,167,104,4,0,0,0,34,2,0,0,0,0,0,0,6,John Tumpane,"M.Boyd (4-70), B.Farmer (1-H), B.Hardy (2-H), J.Jimenez (1-BSv), T.Rosenthal (2), J.Cisnero (1-L)"
102,105,103,103,Jul 29,@,LAA,"W,7-2",9.0,5,2,2,0,3,7,1,1,5.14,35,128,76,2,0,0,0,31,1,0,0,0,0,0,1,5,Ron Kulpa,"J.Zimmermann (4-54-W), B.Hardy (0-H), B.Farmer (0-H), J.Jimenez (0), S.Greene (5)"
103,106,104,104,Jul 30,@,LAA,"L,1-6",8.0,12,6,4,2,2,6,1,0,5.14,38,130,90,2,0,1,0,36,3,0,0,0,0,2,1,4,Gabe Morales,"D.VerHagen (4-31-L), N.Ramirez (2), G.Soto (2), J.Cisnero (1)"
104,107,105,105,Jul 31,@,LAA,"W,9-1",9.0,5,1,1,0,6,10,1,0,5.1,36,148,91,0,0,0,0,30,1,0,0,0,0,0,2,5,Jerry Meals,"D.Norris (4-64-W), N.Ramirez (0), T.Rosenthal (2-H), B.Farmer (1), J.Jimenez (1)"
105,109,106,106,Aug 2,@,TEX,"L,4-5",8.0,12,5,5,0,0,5,2,0,5.1,36,113,78,2,0,0,0,35,2,1,0,0,1,2,2,3,David Rackley,"T.Alexander (5-37-L), E.Jimenez (25), G.Soto (2)"
106,110,107,107,Aug 3,@,TEX,"L,4-5",9.2,8,5,3,2,3,12,2,2,5.08,42,171,115,1,0,0,1,35,3,0,0,1,1,1,0,5,Eric Cooper,"M.Boyd (5-57), B.Farmer (2-BSv), B.Hardy (4), T.Rosenthal (2), N.Ramirez (2-L)"
107,111,108,108,Aug 4,@,TEX,"L,4-9",8.0,8,9,9,0,6,8,1,0,5.12,39,149,94,3,2,2,0,31,2,1,0,1,1,1,0,4,Larry Vanover,"J.Zimmermann (5-50), J.Cisnero (4-L), N.Ramirez (0), E.Jimenez (1)"
108,112,109,109,Aug 5,,CHW,"L,4-7",9.0,14,7,7,0,5,11,0,1,5.14,46,192,116,2,1,0,0,39,3,0,0,1,0,1,1,5,Lance Barrett,"S.Turnbull (18-51), G.Soto (2-L), B.Farmer (1), B.Hardy (1), E.Jimenez (0)"
109,113,110,110,Aug 6(1),,CHW,"L,3-5",9.0,13,5,5,0,3,7,2,1,5.13,41,165,109,3,0,1,1,36,2,1,0,1,0,0,2,4,Bill Welke,"D.Norris (5-40-L), J.Cisnero (1), B.Hardy (0), M.Hall (99)"
110,114,111,111,Aug 6(2),,CHW,"W,10-6",9.0,14,6,6,0,3,10,0,1,5.14,44,175,118,3,3,0,0,39,2,1,0,0,1,0,1,5,Sean Barber,"D.VerHagen (6-54-W), N.Ramirez (1), T.Rosenthal (2), B.Farmer (0-H), J.Jimenez (5)"
111,115,112,112,Aug 7,,CHW,"L,1-8",9.0,15,8,7,1,3,9,1,1,5.16,46,203,137,3,2,0,0,42,3,0,0,0,0,1,1,5,Mike Everitt,"T.Alexander (4-32-L), E.Jimenez (1), T.Rosenthal (0), B.Hardy (0), B.Dixon (82)"
112,116,113,113,Aug 8,,KCR,"W,10-8",9.0,9,8,8,0,3,11,4,0,5.19,39,164,102,3,2,0,0,36,2,0,0,0,0,0,0,5,Hunter Wendelstedt,"M.Boyd (4-24), M.Hall (1), J.Cisnero (1-BSv), B.Farmer (1), J.Jimenez (1-W)"
113,117,114,114,Aug 9,,KCR,"W,5-2",9.0,7,2,2,0,3,4,2,0,5.16,36,129,78,3,0,0,0,33,1,0,0,0,0,0,1,4,Laz Diaz,"E.Jackson (24-63-W), N.Ramirez (2), J.Schreiber (99), J.Jimenez (0-Sv)"
114,118,115,115,Aug 10,,KCR,"L,0-7",9.0,5,7,5,2,5,7,1,0,5.16,38,163,90,1,1,1,0,33,1,1,0,0,0,2,1,4,Vic Carapazza,"S.Turnbull (4-60-L), G.Soto (4), J.Cisnero (1), J.Schreiber (0)"
115,119,116,116,Aug 11,,KCR,"L,2-10",9.0,11,10,10,0,2,6,5,1,5.2,42,178,112,2,2,0,0,39,2,1,0,0,0,1,0,4,Jeremie Rehak,"D.Norris (4-37-L), D.VerHagen (4), T.Alexander (3), N.Ramirez (1)"
116,120,117,117,Aug 13,,SEA,"L,6-11",9.0,11,11,10,1,6,10,5,0,5.24,44,184,113,1,0,1,0,38,2,0,0,0,0,1,1,5,Eric Cooper,"M.Boyd (4-30-L), N.Ramirez (1), M.Hall (4), B.Farmer (4), J.Cisnero (2)"
117,121,118,118,Aug 14,,SEA,"W,3-2",9.0,7,2,2,0,3,9,2,0,5.21,35,164,98,2,0,0,1,32,0,0,0,0,0,1,1,4,Jansen Visconti,"E.Jackson (4-54-W), G.Soto (3-H), B.Farmer (0-H), J.Jimenez (4-Sv)"
118,122,119,119,Aug 15,,SEA,"L,2-7",9.0,14,7,7,0,4,11,1,1,5.23,43,168,97,2,1,3,1,38,4,0,0,0,0,0,0,5,Will Little,"S.Turnbull (4-49-L), M.Hall (1), N.Ramirez (1), D.McKay (32), T.Alexander (3)"
119,123,120,120,Aug 16,@,TBR,"W,2-0",9.0,5,0,0,0,4,8,0,0,5.18,33,136,82,0,0,0,1,29,1,0,0,0,0,0,2,3,Bruce Dreckman,"D.Norris (4-58), D.VerHagen (4-W), J.Jimenez (1-Sv)"
120,124,121,121,Aug 17,@,TBR,"L,0-1",12.2,6,1,1,0,5,11,0,0,5.13,48,192,115,2,0,0,0,43,2,0,2,0,0,0,1,7,Dan Bellino,"J.Zimmermann (12-70), J.Cisnero (3), G.Soto (2), B.Farmer (2), N.Ramirez (1), D.McKay (1), M.Hall (1-L)"
121,125,122,122,Aug 18,@,TBR,"L,4-5",8.1,5,5,4,1,4,9,1,0,5.12,35,150,97,0,0,0,0,30,1,0,0,0,1,1,0,3,Laz Diaz,"M.Boyd (4-76), B.Farmer (0-H), J.Jimenez (1-BL)"
122,126,123,123,Aug 19,@,HOU,"L,4-5",8.0,8,5,4,1,5,12,0,0,5.12,37,166,101,0,0,0,0,31,2,0,0,0,1,0,0,4,Alfonso Marquez,"E.Jackson (4-37-L), N.Ramirez (1), D.McKay (1), G.Soto (1)"
123,127,124,124,Aug 20,@,HOU,"L,3-6",8.0,8,6,6,0,7,7,3,2,5.13,40,169,99,0,0,0,0,31,2,0,0,0,0,0,1,4,David Rackley,"S.Turnbull (4-27-L), M.Hall (2), J.Cisnero (2), D.McKay (0)"
124,128,125,125,Aug 21,@,HOU,"W,2-1",9.0,6,1,1,0,2,7,1,0,5.1,33,143,95,0,0,0,0,31,2,0,0,0,0,0,0,4,Quinn Wolcott,"D.Norris (4-57), T.Alexander (5), B.Farmer (2-W), J.Jimenez (2-Sv)"
125,129,126,126,Aug 22,@,HOU,"L,3-6",8.0,9,6,6,0,5,5,1,0,5.11,38,159,94,3,3,0,0,33,3,0,1,0,0,0,0,4,Jeremie Rehak,"J.Zimmermann (4-56-L), G.Soto (2), D.McKay (1), N.Ramirez (2)"
126,130,127,127,Aug 23,@,MIN,"W,9-6",9.0,9,6,6,0,3,14,4,1,5.12,39,155,91,3,0,0,0,35,1,0,0,0,0,0,0,4,Tim Timmons,"D.VerHagen (6-60-W), J.Cisnero (2-H), B.Farmer (1-H), J.Jimenez (1)"
127,131,128,128,Aug 24,@,MIN,"L,5-8",8.0,11,8,8,0,2,9,3,0,5.14,37,140,87,0,0,0,0,35,2,0,0,0,0,0,0,2,Tripp Gibson,"E.Jackson (4-32-L), M.Hall (3)"
128,132,129,129,Aug 25,@,MIN,"L,4-7",8.0,5,7,7,0,6,10,2,1,5.16,36,139,83,0,0,0,0,29,2,0,0,0,0,0,0,3,Dan Bellino,"M.Boyd (6-38-L), G.Soto (2), D.McKay (2)"
129,133,130,130,Aug 27,,CLE,"L,1-10",9.0,13,10,4,6,6,5,3,1,5.15,45,189,115,0,0,0,1,37,6,0,0,0,1,1,2,4,Sean Barber,"S.Turnbull (6-38-L), N.Ramirez (4), D.McKay (1), M.Hall (2)"
130,134,131,131,Aug 28,,CLE,"L,2-4",9.0,9,4,4,0,2,8,3,1,5.15,37,158,96,0,0,2,1,33,2,0,0,1,0,0,1,4,Stu Scheurwater,"J.Zimmermann (5-59), G.Soto (2), B.Farmer (4-L), J.Jimenez (4)"
131,135,132,132,Aug 29,,CLE,"L,0-2",9.0,7,2,2,0,3,9,1,1,5.12,36,152,102,0,0,1,0,31,0,0,0,0,1,0,1,4,Alan Porter,"D.Norris (7-54-L), D.VerHagen (5), J.Cisnero (5), M.Hall (1)"
132,136,133,133,Aug 30,,MIN,"L,5-13",9.0,14,13,11,2,5,7,1,0,5.17,46,184,114,3,2,0,0,40,3,0,0,0,1,0,1,4,John Libka,"E.Jackson (5-13-L), M.Hall (0), N.Ramirez (2), D.McKay (2)"
133,137,134,134,Aug 31,,MIN,"W,10-7",9.0,10,7,7,0,4,17,6,0,5.18,41,173,110,3,0,0,0,37,1,0,0,0,0,0,1,5,Carlos Torres,"M.Boyd (5-50-W), G.Soto (2), B.Farmer (2), J.Cisnero (1-H), J.Jimenez (2)"
134,139,135,135,Sep 1,,MIN,"L,3-8",9.0,12,8,8,0,3,10,0,2,5.2,44,169,106,3,0,0,0,39,1,0,0,0,0,0,0,4,Angel Hernandez,"S.Turnbull (4-25-L), J.Cisnero (0), J.Schreiber (21), D.McKay (1)"
135,140,136,136,Sep 2,,MIN,"L,3-4",9.0,14,4,4,0,1,7,1,0,5.19,41,145,95,3,2,0,0,40,1,0,0,0,0,0,1,5,Paul Nauert,"J.Zimmermann (4-49), G.Soto (1-H), B.Farmer (1-L), M.Hall (2-BSv), B.Garcia (99)"
136,141,137,137,Sep 3,@,KCR,"L,5-6",8.1,9,6,6,0,5,10,2,0,5.2,36,156,99,5,2,2,0,31,1,0,0,0,0,0,3,6,Roberto Ortiz,"D.Norris (4-40), D.VerHagen (4), J.Cisnero (1-H), G.Soto (0-BSv), B.Farmer (0), Z.Reininger (45-L)"
137,142,138,138,Sep 4,@,KCR,"L,4-5",8.0,12,5,5,0,2,7,1,0,5.2,37,131,79,3,0,2,1,35,1,1,0,0,0,0,0,5,Mike Muchlinski,"E.Jackson (4-35-L), N.Ramirez (4), J.Schreiber (2), D.Stumpf (42), D.McKay (2)"
138,143,139,139,Sep 5,@,KCR,"W,6-4",9.0,12,4,4,0,2,9,0,1,5.19,39,135,87,1,0,1,1,36,3,0,0,0,0,0,2,4,Rob Drake,"M.Boyd (4-47-W), J.Cisnero (1-H), B.Garcia (2-H), J.Jimenez (4-Sv)"
139,144,140,140,Sep 6,@,OAK,"W,5-4",11.0,6,4,4,0,7,15,0,1,5.18,46,186,110,3,0,0,0,38,1,0,0,0,0,0,0,8,Larry Vanover,"S.Turnbull (4-30), N.Ramirez (1), T.Alexander (15), B.Farmer (2), J.Cisnero (0), D.Stumpf (1), J.Schreiber (1-W), J.Jimenez (0-Sv)"
140,145,141,141,Sep 7,@,OAK,"L,2-10",8.0,12,10,10,0,4,6,3,1,5.22,41,153,98,2,0,0,0,36,1,1,0,0,0,0,0,3,Dan Bellino,"J.Zimmermann (4-30-L), M.Hall (4), Z.Reininger (3)"
141,146,142,142,Sep 8,@,OAK,"L,1-3",8.0,7,3,3,0,1,5,0,1,5.2,32,114,74,0,0,1,0,30,2,0,0,0,0,0,1,3,David Rackley,"D.Norris (4-55-L), D.VerHagen (4), G.Soto (4)"
142,147,143,143,Sep 10,,NYY,"W,12-11",9.0,11,11,11,0,2,9,6,0,5.25,40,169,108,0,0,1,0,38,1,1,0,0,0,0,0,7,Vic Carapazza,"E.Jackson (5-21), T.Alexander (3), J.Schreiber (3-BSv), D.Stumpf (3), J.Cisnero (3), B.Farmer (3), J.Jimenez (3-W)"
143,148,144,144,Sep 12(1),,NYY,"L,4-10",9.0,10,10,8,2,7,8,2,0,5.27,46,196,121,1,0,2,0,39,3,1,1,0,0,2,0,5,Dan Iassogna,"M.Boyd (6-48-L), D.McKay (7), B.Garcia (6), J.Cisnero (1), M.Hall (4)"
144,149,145,145,Sep 12(2),,NYY,"L,4-6",9.0,11,6,6,0,4,13,2,0,5.27,39,173,107,1,0,0,1,35,2,0,0,0,0,0,2,5,Nick Mahrley,"S.Turnbull (5-44-L), N.Ramirez (5), B.Farmer (1), G.Soto (3), J.Schreiber (1)"
145,150,146,146,Sep 13,,BAL,"L,2-6",9.0,10,6,6,0,5,5,2,0,5.28,39,161,93,0,0,1,0,34,2,0,0,0,0,0,2,5,Lance Barksdale,"J.Zimmermann (5-38-L), Z.Reininger (5), J.Cisnero (0), D.Stumpf (2), G.Soto (0)"
146,151,147,147,Sep 14,,BAL,"W,8-4",12.0,10,4,4,0,3,12,1,1,5.25,46,181,121,3,1,2,0,42,1,0,0,0,0,0,2,8,Ted Barrett,"D.Norris (5-60), D.VerHagen (5), B.Garcia (1-BSv), J.Jimenez (3), B.Farmer (1), D.McKay (1), D.Stumpf (0), J.Schreiber (1-W)"
147,152,148,148,Sep 15,,BAL,"L,2-8",9.0,12,8,8,0,5,8,1,1,5.27,44,161,96,5,1,1,0,38,0,1,0,0,0,0,0,4,Chris Segal,"E.Jackson (4-36-L), N.Ramirez (2), M.Hall (2), G.Soto (1)"
148,153,149,149,Sep 16,,BAL,"W,5-2",9.0,9,2,2,0,1,9,1,1,5.25,38,153,110,2,0,0,0,36,1,1,0,0,0,0,0,5,Roberto Ortiz,"T.Alexander (5-63-W), J.Cisnero (2), B.Farmer (1-H), D.McKay (1-H), J.Jimenez (1-Sv)"
149,154,150,150,Sep 17,@,CLE,"L,2-7",8.0,12,7,6,1,5,12,1,0,5.26,42,179,111,5,3,0,0,37,6,1,0,0,0,1,0,4,Adam Hamari,"Z.Reininger (3-31-L), N.Ramirez (1), J.Schreiber (2), G.Soto (1)"
150,155,151,151,Sep 18,@,CLE,"L,1-2",9.2,9,2,1,1,3,9,0,0,5.23,40,140,95,0,0,0,1,35,0,0,2,2,0,1,1,5,Ben May,"S.Turnbull (5-59), D.McKay (1), B.Garcia (3), B.Farmer (1), J.Cisnero (1-L)"
151,156,152,152,Sep 19,@,CLE,"L,0-7",8.0,12,7,7,0,3,4,1,0,5.24,38,166,109,2,2,2,0,33,3,0,0,1,1,0,1,5,Tom Hallion,"D.Norris (4-50-L), D.VerHagen (4), E.Jackson (3), M.Hall (3), V.Alcantara (61)"
152,157,153,153,Sep 20,,CHW,"L,1-10",9.0,19,10,10,0,2,12,2,0,5.28,48,188,124,0,0,1,0,46,5,1,1,0,0,0,0,6,Jansen Visconti,"J.Zimmermann (6-8-L), N.Ramirez (2), J.Schreiber (2), G.Soto (2), Z.Reininger (2), J.Cisnero (1)"
153,158,154,154,Sep 21,,CHW,"L,3-5",9.0,17,5,5,0,1,9,1,0,5.27,44,171,120,1,0,0,0,43,2,1,0,0,0,0,0,5,Bill Miller,"T.Alexander (4-35-L), D.McKay (2), B.Farmer (2), B.Garcia (2), J.Jimenez (4)"
154,159,155,155,Sep 22,,CHW,"W,6-3",9.0,11,3,3,0,2,11,1,0,5.26,39,152,100,1,0,0,0,37,3,0,0,0,0,0,1,5,Doug Eddings,"M.Boyd (9-43-W), J.Schreiber (1-H), N.Ramirez (1-H), B.Farmer (0-H), J.Jimenez (0-Sv)"
155,160,156,156,Sep 24,,MIN,"L,2-4",9.0,8,4,4,0,3,8,0,1,5.25,38,129,81,4,4,0,0,34,2,0,1,0,0,0,1,4,Tony Randazzo,"S.Turnbull (5-55-L), D.McKay (2-BSv), N.Ramirez (1), B.Farmer (1)"
156,161,157,157,Sep 25,,MIN,"L,1-5",9.0,9,5,5,0,3,11,2,0,5.25,38,142,88,1,1,0,0,35,1,1,0,0,0,0,1,5,Ramon De Jesus,"D.Norris (5-60), D.VerHagen (5-L), J.Schreiber (2), G.Soto (4), M.Hall (5)"
157,162,158,158,Sep 26,,MIN,"L,4-10",9.0,13,10,7,3,3,8,2,0,5.26,44,163,99,1,1,1,0,41,0,1,0,0,0,1,0,5,Jeff Nelson,"J.Zimmermann (5-30-L), V.Alcantara (6), J.Cisnero (5), Z.Reininger (5), J.Jimenez (3)"
158,163,159,159,Sep 28(1),@,CHW,"L,1-7",8.0,10,7,5,2,4,7,2,0,5.26,38,151,93,0,0,1,0,33,1,0,0,1,0,1,1,3,Jerry Meals,"M.Boyd (5-41-L), E.Jackson (8), G.Soto (2)"
159,164,160,160,Sep 28(2),@,CHW,"W,4-3",9.0,8,3,3,0,2,9,1,1,5.25,36,130,94,0,0,0,0,33,1,0,0,0,0,0,1,5,Ron Kulpa,"T.Alexander (6-47), J.Cisnero (1), B.Garcia (6), B.Farmer (3-W), J.Jimenez (1-Sv)"
160,165,161,161,Sep 29,@,CHW,"L,3-5",8.0,4,5,4,1,1,12,1,3,5.24,32,135,88,1,1,0,0,28,2,0,0,0,0,1,1,4,Gabe Morales,"S.Turnbull (4-54-L), D.McKay (4), J.Schreiber (3), V.Alcantara (2)"
