,index,Rk,Gtm,Date,Unnamed: 3,Opp,Rslt,IP,H,R,ER,UER,BB,SO,HR,HBP,ERA,BF,Pit,Str,IR,IS,SB,CS,AB,2B,3B,IBB,SH,SF,ROE,GDP,#,Umpire,Pitchers Used (Rest-GameScore-Dec)
0,0,1,1,Apr 6,,COL,"L,2-6",9.0,11,6,6,0,5,8,2,1,6.0,42,166,107,0.0,0.0,1,2,35,3,0,0,1,0,0,0,4,Randy Marsh,"R.Johnson (99-51-L), M.Koplove (99), O.Villarreal (99), J.Valverde (99)"
1,1,2,2,Apr 7,,COL,"W,9-5",9.0,9,5,5,0,7,11,1,0,5.5,43,167,93,4.0,0.0,0,0,35,3,0,1,1,0,0,0,4,Larry Vanover,"B.Webb (99-63-W), A.Good (99), S.Randolph (99), M.Mantei (99-Sv)"
2,2,3,3,Apr 8,,COL,"W,6-5",11.0,11,5,3,2,3,10,1,0,4.34,46,177,118,4.0,1.0,0,0,42,2,0,0,1,0,1,2,6,Sam Holbrook,"E.Dessens (99-52), M.Koplove (1), R.Choate (99), O.Villarreal (1), J.Valverde (1), S.Randolph (0-W)"
3,3,4,4,Apr 9,,STL,"L,6-13",9.0,17,13,13,0,3,6,5,0,6.39,43,150,92,1.0,1.0,0,0,39,6,0,1,0,1,0,2,4,Chris Guccione,"C.Daigle (99-6-L), A.Good (1), R.Choate (0), J.Valverde (0)"
4,4,5,5,Apr 10,,STL,"L,2-10",9.0,13,10,9,1,4,8,3,0,6.89,43,152,91,2.0,2.0,1,0,38,6,0,2,0,1,1,2,5,Dale Scott,"S.Sparks (99-35-L), R.Choate (0), O.Villarreal (1), S.Randolph (1), M.Koplove (1)"
5,5,6,6,Apr 11,,STL,"L,5-6",9.0,11,6,6,0,5,11,2,0,6.75,42,152,101,1.0,0.0,1,1,35,4,1,0,1,1,0,0,4,Brian Gorman,"R.Johnson (4-44), O.Villarreal (0), R.Choate (0), M.Mantei (3-L)"
6,6,7,7,Apr 12,@,COL,"L,4-7",8.0,8,7,6,1,10,5,0,1,6.75,42,178,93,3.0,3.0,0,1,29,2,0,1,2,0,1,1,3,Mark Carlson,"B.Webb (4-47), M.Koplove (1-BL), J.Valverde (2)"
7,7,8,8,Apr 14,@,COL,"L,4-14",8.0,15,14,14,0,4,3,3,0,7.75,43,153,90,2.0,2.0,0,0,39,6,0,1,0,0,0,0,3,Gary Darling,"E.Dessens (5-5-L), S.Randolph (3), S.Sparks (3)"
8,8,9,9,Apr 15,@,COL,"W,11-10",9.0,10,10,8,2,7,9,0,1,7.78,45,169,92,7.0,2.0,0,0,36,4,1,1,1,0,1,1,6,Brian Runge,"C.Daigle (5-26), M.Koplove (2-W), O.Villarreal (3), R.Choate (3-H), J.Valverde (2-H), M.Mantei (3-Sv)"
9,9,10,10,Apr 16,@,SDP,"W,5-0",9.0,2,0,0,0,1,8,0,0,7.0,31,116,80,,,0,0,30,0,0,0,0,0,1,0,1,Larry Poncino,R.Johnson (4-90-W)
10,10,11,11,Apr 17,@,SDP,"L,2-3",8.0,3,3,3,0,8,9,0,1,6.7,35,141,73,3.0,0.0,0,1,26,0,1,1,0,0,1,1,4,Greg Gibson,"B.Webb (4-58-L), R.Choate (1), M.Koplove (1), O.Villarreal (1)"
11,11,12,12,Apr 18,@,SDP,"L,5-6",8.0,13,6,6,0,3,5,1,2,6.71,41,176,102,4.0,0.0,0,0,35,2,0,0,0,1,0,1,6,Bruce Dreckman,"S.Sparks (3-44), M.Koplove (0-H), R.Choate (0-H), O.Villarreal (0-H), J.Valverde (2-H), M.Mantei (2-BL)"
12,12,13,13,Apr 20,@,MIL,"L,2-4",8.0,10,4,4,0,3,8,1,0,6.55,37,135,85,2.0,0.0,0,1,33,1,0,1,1,0,1,0,4,Mike Everitt,"E.Dessens (5-41-L), S.Randolph (5), M.Koplove (1), J.Valverde (1)"
13,13,14,14,Apr 21,@,MIL,"L,6-10",8.0,10,10,9,1,6,11,2,1,6.79,40,165,101,3.0,2.0,0,1,33,2,1,0,0,0,0,0,4,Mark Wegner,"R.Johnson (4-50-L), R.Choate (2), O.Villarreal (2), S.Sparks (2)"
14,14,15,15,Apr 22,@,MIL,"W,11-9",15.0,8,9,5,4,10,21,2,0,6.37,63,262,157,3.0,0.0,2,0,53,4,0,0,0,0,2,2,8,Larry Young,"B.Webb (4-46), S.Randolph (1), M.Koplove (1), J.Valverde (1-H), M.Mantei (3-BSv), R.Choate (0), O.Villarreal (0), S.Sparks (0-W)"
15,15,16,16,Apr 23,,SDP,"W,5-2",9.0,4,2,2,0,4,3,1,0,6.1,35,121,76,2.0,0.0,0,0,30,1,0,0,1,0,0,0,3,Paul Emmel,"C.Daigle (7-56), M.Koplove (0-W), M.Mantei (0-Sv)"
16,16,17,17,Apr 24,,SDP,"L,2-4",9.0,7,4,3,1,6,5,0,0,5.92,42,139,82,3.0,1.0,2,0,36,2,0,1,0,0,2,0,4,Mike DiMuro,"S.Sparks (1-64), J.Valverde (1-H), M.Koplove (0-BSv), O.Villarreal (1-L)"
17,17,18,18,Apr 25,,SDP,"W,12-7",9.0,12,7,7,0,3,7,0,0,5.98,39,156,89,4.0,4.0,1,0,34,5,0,0,0,2,0,2,5,Rob Drake,"E.Dessens (4-43-W), R.Choate (2), O.Villarreal (0-H), S.Randolph (2), J.Valverde (0)"
18,18,19,19,Apr 26,,CHC,"W,9-0",9.0,5,0,0,0,1,10,0,1,5.67,33,132,92,0.0,0.0,1,0,31,1,0,0,0,0,0,1,2,Alfonso Marquez,"R.Johnson (4-83-W), R.Choate (0)"
19,19,20,20,Apr 27,,CHC,"W,10-1",9.0,5,1,1,0,3,8,1,0,5.44,34,126,78,0.0,0.0,0,0,31,0,0,0,0,0,0,1,3,Rick Reed,"B.Webb (4-71-W), M.Koplove (2), J.Valverde (1)"
20,20,21,21,Apr 28,,CHC,"L,3-4",9.0,6,4,4,0,3,6,1,0,5.37,36,130,82,0.0,0.0,0,0,31,4,0,0,1,1,0,0,3,Ed Rapuano,"C.Daigle (4-61), M.Koplove (0), M.Mantei (4-L)"
21,21,22,22,Apr 30,@,PHI,"L,0-4",8.0,6,4,4,0,1,9,2,0,5.34,32,123,75,0.0,0.0,0,0,31,1,0,0,0,0,1,0,4,Fieldin Culbreth,"E.Dessens (4-37-L), R.Choate (3), O.Villarreal (4), S.Randolph (4)"
22,23,23,23,May 1,@,PHI,"W,6-4",9.0,9,4,2,2,1,12,0,0,5.19,38,148,103,0.0,0.0,0,0,35,4,0,0,1,1,1,0,4,Tony Randazzo,"R.Johnson (4-59-W), M.Koplove (2-H), J.Valverde (3-H), M.Mantei (2-Sv)"
23,24,24,24,May 2,@,PHI,"L,5-6",13.2,8,6,6,0,10,13,2,1,5.12,59,233,130,4.0,0.0,2,1,47,2,0,3,1,0,0,0,7,Kevin Kelley,"B.Webb (4-61), M.Koplove (0-H), R.Choate (1-H), M.Mantei (0-BSv), S.Randolph (1), J.Valverde (0), O.Villarreal (1-L)"
24,25,25,25,May 4,@,CHC,"W,6-3",9.0,5,3,3,0,2,7,1,0,5.03,35,120,81,0.0,0.0,0,1,33,1,0,0,0,0,2,0,3,Dan Iassogna,"S.Sparks (9-57-W), M.Koplove (1-H), J.Valverde (1-Sv)"
25,26,26,26,May 5,@,CHC,"W,2-0",9.0,6,0,0,0,3,4,0,0,4.84,34,120,71,7.0,0.0,0,0,31,0,0,0,0,0,0,2,5,Charlie Reliford,"C.Daigle (6-59-W), M.Koplove (0-H), R.Choate (2-H), O.Villarreal (2), J.Valverde (0-Sv)"
26,27,27,27,May 6,@,CHC,"L,3-11",8.0,15,11,8,3,5,6,1,0,4.98,45,157,98,2.0,2.0,0,0,40,0,0,0,0,0,3,1,4,Jeff Kellogg,"E.Dessens (5-30-L), O.Villarreal (0), S.Randolph (3), M.Mantei (3)"
27,28,28,28,May 7,,PHI,"L,1-4",9.0,8,4,4,0,4,10,1,0,4.94,38,152,97,5.0,2.0,0,0,33,3,0,1,1,0,0,1,5,Jeff Nelson,"R.Johnson (5-65-L), M.Koplove (1), R.Choate (1), O.Villarreal (0), M.Mantei (0)"
28,29,29,29,May 8,,PHI,"L,7-8",9.0,10,8,6,2,3,6,1,0,4.98,38,144,84,0.0,0.0,4,1,33,2,1,0,0,2,1,2,4,Marty Foster,"B.Webb (5-32-L), M.Mantei (0), S.Randolph (1), B.Bruney (99)"
29,30,30,30,May 9,,PHI,"L,1-7",9.0,10,7,7,0,7,3,1,1,5.05,43,158,87,5.0,3.0,1,1,33,3,0,1,1,1,0,1,4,Joe Brinkman,"S.Sparks (4-41-L), R.Choate (1), B.Bruney (0), O.Villarreal (1)"
30,31,31,31,May 10,,NYM,"W,12-8",9.0,17,8,7,1,3,5,1,0,5.11,45,162,101,0.0,0.0,0,0,42,5,0,2,0,0,0,2,4,Chuck Meriwether,"C.Daigle (4-15-W), A.Good (30), M.Koplove (2), J.Valverde (4)"
31,32,32,32,May 11,,NYM,"W,9-5",9.0,7,5,5,0,6,7,1,0,5.1,40,168,99,3.0,0.0,0,0,34,3,0,0,0,0,0,0,5,CB Bucknor,"E.Dessens (4-40), B.Bruney (1-W), R.Choate (1-H), S.Randolph (2), J.Valverde (0)"
32,33,33,33,May 12,,NYM,"L,0-1",9.0,3,1,1,0,2,10,1,0,4.98,32,121,84,0.0,0.0,1,0,30,0,0,0,0,0,0,0,2,Eric Cooper,"R.Johnson (4-72-L), M.Koplove (1)"
33,34,34,34,May 13,,NYM,"L,4-7",9.0,8,7,6,1,4,4,2,1,5.01,40,140,84,4.0,0.0,2,1,34,0,0,0,1,0,1,0,4,Mike Reilly,"B.Webb (4-42-L), R.Choate (1), B.Bruney (1), A.Good (2)"
34,35,35,35,May 14,,MON,"L,3-4",9.0,7,4,4,0,7,6,1,1,4.98,40,152,89,0.0,0.0,2,0,31,2,0,1,1,0,0,0,4,Andy Fletcher,"C.Fossum (99-45), S.Randolph (2), M.Koplove (1), J.Valverde (2-L)"
35,36,36,36,May 15,,MON,"L,0-5",9.0,9,5,5,0,4,4,1,0,4.98,39,137,87,1.0,0.0,0,0,35,3,1,0,0,0,0,2,4,Tim Welke,"C.Daigle (4-31-L), R.Choate (1), A.Good (1), E.Dessens (3)"
36,37,37,37,May 16,,MON,"L,1-6",9.0,11,6,5,1,2,4,1,0,4.98,39,150,95,1.0,1.0,1,1,36,2,0,0,1,0,1,1,4,Jim Reynolds,"S.Sparks (6-45-L), R.Choate (0), M.Koplove (1), B.Bruney (2)"
37,38,38,38,May 18,@,ATL,"W,2-0",9.0,0,0,0,0,0,13,0,0,4.85,27,117,87,,,0,0,27,0,0,0,0,0,0,0,1,Greg Gibson,R.Johnson (5-100-W)
38,39,39,39,May 19,@,ATL,"W,6-4",11.0,10,4,4,0,5,7,1,0,4.81,47,179,111,1.0,1.0,0,1,41,3,0,0,0,1,1,1,4,Bruce Dreckman,"B.Webb (5-63), M.Koplove (2), J.Valverde (4-BSv), B.Bruney (2-W)"
39,40,40,40,May 20,@,ATL,"L,1-5",8.0,9,5,5,0,3,4,1,1,4.82,36,127,77,1.0,0.0,0,0,32,2,1,1,0,0,0,1,4,Gerry Davis,"C.Fossum (5-29-L), A.Good (4), E.Dessens (4), R.Choate (3)"
40,41,41,41,May 21,@,FLA,"L,5-6",9.1,9,6,6,0,8,3,0,1,4.85,42,164,88,2.0,1.0,1,1,32,2,0,1,1,0,0,1,5,Jerry Meals,"C.Daigle (5-22), R.Choate (0), S.Randolph (6), M.Koplove (1), B.Bruney (1-L)"
41,42,42,42,May 22,@,FLA,"L,2-11",8.0,11,11,11,0,2,7,1,1,5.01,37,132,86,0.0,0.0,0,0,33,3,0,1,0,1,0,1,3,Ed Montague,"S.Sparks (5-0-L), A.Good (1), E.Dessens (1)"
42,43,43,43,May 23,@,FLA,"W,4-3",9.0,5,3,3,0,2,6,2,1,4.96,35,142,93,0.0,0.0,1,0,31,2,0,0,1,0,0,0,3,Paul Schrieber,"R.Johnson (4-65-W), M.Koplove (1-H), J.Valverde (3-Sv)"
43,44,44,44,May 24,@,FLA,"L,5-13",8.0,12,13,13,0,7,6,1,1,5.15,41,184,97,5.0,4.0,0,2,32,4,1,0,1,0,0,1,5,Jerry Layne,"B.Webb (4-26-L), E.Dessens (1), B.Bruney (2), R.Choate (2), M.Koplove (0)"
44,45,45,45,May 25,@,SFG,"L,1-4",8.0,11,4,4,0,2,5,2,0,5.14,36,142,91,3.0,0.0,0,0,33,0,0,1,1,0,0,1,4,Doug Eddings,"C.Fossum (4-40-L), A.Good (2), R.Choate (0), B.Bruney (0)"
45,46,46,46,May 26,@,SFG,"L,3-4",8.0,6,4,4,0,6,3,1,0,5.13,35,125,69,5.0,2.0,0,0,29,1,0,0,0,0,0,0,5,Dan Iassogna,"C.Daigle (4-54), S.Randolph (4-H), B.Bruney (0-L), R.Choate (0), J.Valverde (2-BSv)"
46,47,47,47,May 27,@,SFG,"L,4-5",9.1,7,5,5,0,10,3,0,0,5.12,42,156,81,0.0,0.0,0,0,30,2,1,3,1,1,0,3,5,Charlie Reliford,"S.Sparks (4-38), S.Randolph (0), M.Koplove (2), S.Service (99), J.Valverde (0-L)"
47,48,48,48,May 28,@,LAD,"W,6-3",9.0,9,3,3,0,1,6,0,0,5.08,37,141,96,3.0,1.0,0,0,36,3,0,0,0,0,0,0,4,Tony Randazzo,"R.Johnson (4-52-W), M.Koplove (0-H), R.Choate (1), E.Dessens (3-Sv)"
48,49,49,49,May 29,@,LAD,"L,0-10",8.0,13,10,10,0,3,7,2,0,5.19,39,164,107,2.0,2.0,2,0,35,0,0,0,1,0,0,1,4,Fieldin Culbreth,"B.Webb (4-20-L), J.Valverde (1), A.Good (3), R.Choate (0)"
49,50,50,50,May 30,@,LAD,"L,0-3",8.0,12,3,3,0,3,9,0,1,5.16,40,153,96,1.0,0.0,2,0,35,2,0,0,1,0,0,0,4,Jim Wolf,"C.Fossum (4-45-L), M.Koplove (1), E.Dessens (1), R.Choate (0)"
50,51,51,51,May 31,,SFG,"L,4-8",9.0,9,8,5,3,6,3,2,0,5.15,43,167,95,3.0,0.0,0,0,37,2,0,2,0,0,2,1,5,Angel Hernandez,"C.Daigle (4-39-L), R.Choate (0), S.Randolph (3), A.Good (1), S.Service (3)"
51,53,52,52,Jun 1,,SFG,"W,6-5",9.0,8,5,5,0,2,7,1,2,5.15,39,113,70,2.0,2.0,0,0,33,0,0,2,2,0,0,1,4,Mike Everitt,"S.Sparks (4-49), M.Koplove (1-BSv), R.Choate (0), J.Valverde (2-W)"
52,54,53,53,Jun 2,,SFG,"W,8-6",9.0,13,6,6,0,2,9,1,1,5.17,42,155,100,3.0,0.0,0,0,39,4,0,0,0,0,0,1,5,Rob Drake,"R.Johnson (4-43-W), M.Koplove (0-H), S.Nance (99), E.Dessens (2-H), J.Valverde (0-Sv)"
53,55,54,54,Jun 3,,SFG,"W,11-5",9.0,7,5,3,2,7,10,0,0,5.13,42,167,92,2.0,0.0,0,0,34,1,0,1,0,1,1,0,4,Larry Young,"B.Webb (4-52-W), S.Randolph (2), S.Service (2-H), A.Good (2)"
54,56,55,55,Jun 4,,LAD,"L,3-7",9.0,12,7,7,0,7,7,2,0,5.16,45,165,87,0.0,0.0,2,1,37,5,0,4,1,0,0,0,4,Dave Aschwege,"C.Fossum (4-26-L), E.Dessens (1), S.Service (0), S.Nance (1)"
55,57,56,56,Jun 5,,LAD,"L,3-10",9.0,15,10,10,0,5,3,2,1,5.25,48,153,89,3.0,2.0,2,0,41,5,0,1,0,1,0,0,6,Phil Cuzzi,"E.Gonzalez (99-21-L), B.Villafuerte (99), S.Randolph (1), M.Koplove (2), R.Choate (3), A.Good (1)"
56,58,57,57,Jun 6,,LAD,"W,6-5",9.0,14,5,3,2,2,6,2,0,5.21,43,139,89,6.0,0.0,0,0,40,2,0,0,1,0,2,0,7,Brian Knight,"S.Sparks (4-35), M.Koplove (0), B.Villafuerte (0), R.Choate (0), S.Service (1-W), E.Dessens (1-H), J.Valverde (3-Sv)"
57,59,58,58,Jun 8,@,BAL,"W,8-1",9.0,5,1,1,0,1,7,0,0,5.13,33,124,79,0.0,0.0,1,1,32,0,0,0,0,0,1,0,3,Bill Hohn,"R.Johnson (5-70-W), M.Koplove (1), B.Villafuerte (1)"
58,60,59,59,Jun 9,@,BAL,"L,2-8",8.0,10,8,5,3,6,4,2,1,5.14,42,172,104,1.0,1.0,2,0,35,1,0,1,0,0,1,0,4,Gary Darling,"B.Webb (5-52), S.Randolph (3-L), B.Villafuerte (0), R.Choate (2)"
59,61,60,60,Jun 10,@,BAL,"W,3-0",9.0,7,0,0,0,3,7,0,0,5.06,37,153,95,0.0,0.0,1,1,34,0,0,0,0,0,1,0,3,Mark Carlson,"C.Fossum (5-65-W), M.Koplove (1-H), J.Valverde (3-Sv)"
60,62,61,61,Jun 11,@,TOR,"W,3-2",9.0,8,2,1,1,2,4,0,0,4.99,35,144,88,4.0,0.0,0,0,33,1,0,0,0,0,0,1,4,Marty Foster,"S.Sparks (4-56), B.Villafuerte (1), R.Choate (1-W), J.Valverde (0-Sv)"
61,63,62,62,Jun 12,@,TOR,"L,4-15",8.0,15,15,12,3,8,2,3,1,5.11,49,190,100,6.0,3.0,0,0,38,2,1,0,0,2,1,0,5,Darren Spagnardi,"A.Good (6-18-L), E.Dessens (5), S.Service (5), S.Randolph (2), R.Choate (0)"
62,64,63,63,Jun 13,@,TOR,"W,5-3",9.0,8,3,3,0,3,11,1,0,5.08,36,143,98,3.0,0.0,0,0,33,2,0,0,0,0,1,3,4,Joe Brinkman,"R.Johnson (4-61-W), M.Koplove (2-H), R.Choate (0-H), J.Valverde (1-Sv)"
63,65,64,64,Jun 15,,NYY,"L,2-4",9.0,12,4,3,1,5,8,1,1,5.05,43,141,81,0.0,0.0,0,0,36,1,1,2,1,0,2,4,5,Paul Nauert,"B.Webb (5-43-L), E.Dessens (2), B.Villafuerte (3), R.Choate (1), M.Koplove (1)"
64,66,65,65,Jun 16,,NYY,"L,4-9",9.0,11,9,7,2,6,4,3,1,5.08,45,175,107,3.0,2.0,0,0,38,1,0,1,0,0,3,3,5,Randy Marsh,"C.Fossum (5-18-L), S.Service (3), B.Villafuerte (0), S.Randolph (3), R.Choate (0)"
65,67,66,66,Jun 17,,NYY,"W,6-1",9.0,4,1,1,0,7,5,1,0,5.01,36,135,69,0.0,0.0,0,1,29,0,0,0,0,0,0,1,2,Larry Vanover,"S.Sparks (5-63-W), E.Dessens (1-Sv)"
66,68,67,67,Jun 18,,TBD,"L,2-6",9.0,10,6,6,0,1,7,1,0,5.03,37,131,91,0.0,0.0,0,1,35,1,1,0,0,1,0,0,3,Marvin Hudson,"R.Johnson (4-39-L), S.Service (1), R.Choate (1)"
67,69,68,68,Jun 19,,TBD,"L,4-11",9.0,11,11,11,0,4,4,1,2,5.12,43,159,88,2.0,1.0,0,1,37,4,1,0,0,0,0,0,5,Dana DeMuth,"L.Cormier (99-13-L), A.Good (6), S.Randolph (2), B.Villafuerte (2), R.Choate (0)"
68,70,69,69,Jun 20,,TBD,"L,1-2",9.0,8,2,2,0,4,7,0,1,5.07,39,132,83,3.0,0.0,1,1,33,1,2,0,0,1,0,0,4,Jim Joyce,"B.Webb (4-57-L), R.Choate (0), E.Dessens (2), M.Koplove (4)"
69,71,70,70,Jun 21,@,SDP,"L,1-3",8.0,9,3,3,0,3,7,1,1,5.05,36,145,87,0.0,0.0,1,0,32,1,0,1,0,0,0,1,3,Laz Diaz,"C.Fossum (4-56-L), S.Service (2), B.Villafuerte (1)"
70,72,71,71,Jun 22,@,SDP,"L,1-2",9.1,5,2,1,1,5,3,0,1,4.99,38,129,77,2.0,0.0,0,0,31,1,0,1,1,0,2,0,4,Bill Welke,"S.Sparks (4-68), R.Choate (1), B.Villafuerte (0), M.Koplove (1-L)"
71,73,72,72,Jun 23,@,SDP,"L,3-4",8.1,8,4,4,0,1,9,1,2,4.98,35,115,79,0.0,0.0,1,1,32,1,0,0,0,0,0,0,2,John Hirschbeck,"R.Johnson (4-58), E.Dessens (2-L)"
72,74,73,73,Jun 25,@,DET,"L,1-2",8.0,4,2,2,0,2,4,0,0,4.95,28,100,65,,,0,0,23,0,0,0,2,1,0,1,1,Bill Miller,B.Webb (4-68-L)
73,75,74,74,Jun 26,@,DET,"L,6-7",8.0,8,7,4,3,0,9,3,1,4.94,35,142,99,2.0,0.0,1,0,34,2,0,0,0,0,1,0,3,Brian Gorman,"C.Fossum (4-43), S.Service (4), B.Villafuerte (3-L)"
74,76,75,75,Jun 27,@,DET,"L,5-9",8.2,15,9,9,0,4,9,2,0,5.0,42,157,99,5.0,1.0,0,2,38,6,0,3,0,0,0,1,5,Dale Scott,"S.Sparks (4-34), E.Dessens (3-BSv), R.Choate (4), B.Villafuerte (0-L), M.Koplove (4)"
75,77,76,76,Jun 28,,SDP,"L,5-10",9.0,17,10,5,5,7,6,2,0,5.0,50,201,119,0.0,0.0,1,0,42,6,0,0,1,0,1,1,6,Andy Fletcher,"S.Reynolds (99-28-L), A.Good (8), S.Randolph (8), S.Service (1), B.Villafuerte (0), R.Choate (0)"
76,78,77,77,Jun 29,,SDP,"L,2-3",9.0,6,3,2,1,0,8,1,0,4.96,32,107,72,0.0,0.0,0,1,31,2,0,0,0,1,1,1,2,Tim Welke,"R.Johnson (5-72-L), M.Koplove (1)"
77,79,78,78,Jun 30,,SDP,"W,8-5",9.0,11,5,2,3,3,6,0,0,4.92,41,142,93,1.0,0.0,0,0,37,2,0,0,1,0,3,3,4,Gary Cederstrom,"B.Webb (4-43), S.Randolph (1-W), E.Dessens (2-H), M.Koplove (0-Sv)"
78,81,79,79,Jul 1,,SDP,"W,7-5",9.0,7,5,5,0,4,9,2,1,4.92,38,144,92,3.0,2.0,0,0,33,2,0,0,0,0,0,1,5,Jim Reynolds,"C.Fossum (4-53-W), E.Dessens (0-H), R.Choate (2), S.Service (2), M.Koplove (0-Sv)"
79,82,80,80,Jul 2,,MIN,"L,5-6",9.0,9,6,3,3,3,6,1,0,4.9,38,149,94,1.0,1.0,1,1,34,3,1,0,1,0,1,0,4,Kevin Kelley,"S.Sparks (4-35), G.Aquino (99), S.Randolph (1-L), B.Villafuerte (3)"
80,83,81,81,Jul 3,,MIN,"L,4-8",9.0,14,8,8,0,4,5,3,0,4.94,43,155,96,4.0,2.0,1,0,38,3,0,0,0,1,0,2,5,Mike Winters,"A.Good (4-21-L), E.Dessens (1), R.Choate (1), B.Villafuerte (0), S.Service (1)"
81,84,82,82,Jul 4,,MIN,"W,6-2",9.0,5,2,1,1,0,10,0,0,4.89,32,108,78,,,0,0,32,0,0,0,0,0,1,1,1,Tim Timmons,R.Johnson (4-81-W)
82,85,83,83,Jul 5,@,LAD,"L,5-6",9.2,6,6,6,0,7,10,2,0,4.9,41,166,96,6.0,3.0,1,1,32,0,0,1,1,1,0,0,7,Mark Carlson,"B.Webb (4-55), S.Randolph (2), S.Service (1-BSv), E.Dessens (1), M.Koplove (3), B.Villafuerte (1-L), R.Choate (1)"
83,86,84,84,Jul 6,@,LAD,"L,1-4",8.0,9,4,4,0,7,7,2,0,4.89,37,135,81,2.0,0.0,0,1,29,1,0,1,1,0,0,2,3,Bill Hohn,"C.Fossum (4-35-L), G.Aquino (3), B.Bruney (40)"
84,87,85,85,Jul 7,@,LAD,"L,0-11",8.0,11,11,11,0,7,5,3,0,4.97,43,174,99,0.0,0.0,1,0,36,0,0,0,0,0,1,0,3,Gary Darling,"S.Sparks (4-11-L), S.Randolph (1), B.Villafuerte (1)"
85,88,86,86,Jul 8,@,SFG,"W,8-4",9.0,12,4,4,0,2,8,1,0,4.96,41,145,93,4.0,0.0,0,0,38,3,1,0,0,1,0,0,5,Joe West,"E.Dessens (2-46), A.Good (4-W), B.Bruney (1), R.Choate (2-H), M.Koplove (2)"
86,89,87,87,Jul 9,@,SFG,"L,3-8",8.0,10,8,5,3,4,7,0,1,4.97,39,144,88,0.0,0.0,0,0,33,1,1,1,1,0,1,1,3,Paul Emmel,"R.Johnson (4-40-L), G.Aquino (2), B.Villafuerte (1)"
87,90,88,88,Jul 10,@,SFG,"L,1-3",8.0,8,3,2,1,5,8,1,0,4.94,37,139,83,5.0,1.0,1,0,30,2,0,3,1,1,1,0,3,Terry Craft,"B.Webb (4-48-L), R.Choate (1), B.Bruney (1)"
88,91,89,89,Jul 11,@,SFG,"L,2-9",8.0,12,9,9,0,4,3,2,1,4.99,41,140,80,5.0,3.0,0,0,35,1,1,0,0,1,0,0,4,Mike DiMuro,"C.Fossum (4-27-L), S.Randolph (3), G.Aquino (1), M.Koplove (2)"
89,92,90,90,Jul 15,,LAD,"L,3-4",9.0,7,4,4,0,2,11,1,1,4.98,36,151,103,2.0,2.0,1,0,33,0,1,0,0,0,0,0,4,Bill Miller,"R.Johnson (5-77), B.Bruney (4-H), R.Choate (4-BL), G.Aquino (3)"
90,93,91,91,Jul 16,,LAD,"L,2-6",9.0,8,6,5,1,5,9,0,1,4.98,39,126,77,0.0,0.0,1,0,30,2,0,1,2,1,0,2,3,Brian Gorman,"B.Webb (5-47-L), M.Fetters (99), S.Randolph (4)"
91,94,92,92,Jul 17,,LAD,"L,6-7",9.0,9,7,7,0,2,7,1,3,5.0,40,163,100,1.0,1.0,1,1,34,2,0,0,0,1,0,0,4,Dale Scott,"C.Fossum (5-56), G.Aquino (1-H), M.Koplove (5-BSv), B.Bruney (1-BL)"
92,95,93,93,Jul 18,,LAD,"L,3-10",9.0,15,10,7,3,3,4,2,1,5.03,47,171,110,1.0,1.0,2,0,43,2,2,1,0,0,1,0,5,Ron Kulpa,"E.Dessens (9-14-L), B.Villafuerte (8), R.Choate (2), M.Fetters (1), S.Randolph (1)"
93,96,94,94,Jul 19,,SFG,"L,1-6",9.0,8,6,6,0,2,7,0,1,5.04,38,146,95,0.0,0.0,1,0,34,1,1,0,1,0,1,0,3,Rick Reed,"S.Sparks (11-40-L), R.Choate (0), M.Koplove (1)"
94,97,95,95,Jul 20,,SFG,"L,1-3",9.0,9,3,2,1,2,10,0,0,5.0,38,131,86,0.0,0.0,0,0,35,4,0,0,0,1,0,0,3,Alfonso Marquez,"R.Johnson (4-58-L), M.Fetters (1), G.Aquino (2)"
95,98,96,96,Jul 21,,HOU,"L,2-5",9.0,10,5,5,0,9,7,2,1,5.0,46,181,95,5.0,0.0,2,0,36,0,0,0,0,0,0,0,5,Larry Poncino,"B.Webb (4-57-L), B.Villafuerte (2), R.Choate (1), S.Randolph (2), M.Fetters (0)"
96,99,97,97,Jul 22,,HOU,"L,3-10",9.0,13,10,8,2,4,7,4,0,5.04,41,151,94,1.0,0.0,0,0,36,1,1,0,1,0,1,3,3,Greg Gibson,"E.Gonzalez (46-24-L), E.Dessens (3), S.Randolph (0)"
97,100,98,98,Jul 23,,COL,"L,2-8",9.0,6,8,8,0,7,8,3,1,5.07,40,146,84,1.0,1.0,0,0,31,0,0,0,1,0,0,1,2,Mike Reilly,"C.Fossum (5-51-L), M.Koplove (3)"
98,101,99,99,Jul 24,,COL,"L,2-8",9.0,10,8,6,2,7,4,4,0,5.08,44,186,108,2.0,0.0,0,0,37,1,0,0,0,0,2,2,4,CB Bucknor,"L.Cormier (34-36-L), E.Dessens (1), R.Choate (2), G.Aquino (3)"
99,102,100,100,Jul 25,,COL,"L,2-3",9.0,8,3,3,0,2,15,0,0,5.05,37,147,100,1.0,1.0,0,0,35,4,0,1,0,0,0,0,3,Eric Cooper,"R.Johnson (4-84), M.Fetters (3), R.Choate (0-BL)"
100,103,101,101,Jul 26,@,HOU,"W,4-1",9.0,6,1,1,0,4,5,0,1,5.01,38,143,84,1.0,0.0,4,0,33,0,0,0,0,0,1,0,3,Wally Bell,"B.Webb (4-63-W), S.Randolph (3-H), G.Aquino (1-Sv)"
101,104,102,102,Jul 27,@,HOU,"L,3-10",8.0,12,10,9,1,3,3,4,0,5.06,40,135,81,0.0,0.0,0,0,36,3,0,0,1,0,1,0,3,Laz Diaz,"E.Gonzalez (4-22-L), S.Sparks (7), M.Koplove (3)"
102,105,103,103,Jul 28,@,HOU,"L,1-6",8.0,12,6,6,0,0,4,2,1,5.07,37,144,96,0.0,0.0,2,1,36,3,0,0,0,0,2,1,4,Bill Welke,"C.Fossum (4-23-L), E.Dessens (3), R.Choate (2), M.Fetters (2)"
103,106,104,104,Jul 29,@,HOU,"W,6-4",9.0,9,4,3,1,1,8,1,1,5.05,38,133,80,0.0,0.0,2,0,36,2,0,0,0,0,1,1,3,John Hirschbeck,"L.Cormier (4-50-W), M.Koplove (1-H), G.Aquino (2-Sv)"
104,107,105,105,Jul 30,@,COL,"L,1-4",8.0,6,4,4,0,1,7,1,0,5.05,31,124,84,0.0,0.0,2,0,30,1,1,0,0,0,0,0,2,Jim Wolf,"R.Johnson (4-55-L), M.Fetters (1)"
105,108,106,106,Jul 31,@,COL,"L,4-8",8.0,10,8,3,5,7,4,0,2,5.03,44,151,85,4.0,2.0,1,0,34,2,0,1,0,1,3,1,4,Derryl Cousins,"B.Webb (4-44-L), R.Choate (2), S.Randolph (4), E.Dessens (2)"
106,110,107,107,Aug 1,@,COL,"L,2-10",8.0,15,10,10,0,3,6,5,0,5.09,40,146,93,1.0,0.0,1,0,37,2,0,0,0,0,0,2,4,Tony Randazzo,"E.Gonzalez (4-21-L), S.Sparks (4), R.Choate (0), M.Koplove (2)"
107,111,108,108,Aug 3,,FLA,"W,5-3",9.0,9,3,3,0,7,4,0,0,5.07,40,144,80,1.0,1.0,0,1,33,1,1,1,0,0,0,1,4,Jerry Meals,"C.Fossum (5-44), E.Dessens (2-BSv), M.Koplove (1-W), G.Aquino (4-Sv)"
108,112,109,109,Aug 4,,FLA,"W,11-6",9.0,10,6,6,0,3,6,1,0,5.08,40,156,106,0.0,0.0,1,0,36,1,0,0,1,0,1,1,4,Mike Everitt,"R.Johnson (4-40-W), M.Fetters (4), M.Koplove (0), R.Choate (2)"
109,113,110,110,Aug 5,,FLA,"L,5-11",9.0,14,11,11,0,7,1,2,0,5.13,46,166,95,5.0,3.0,1,0,37,1,0,1,1,1,0,1,5,Paul Schrieber,"L.Cormier (6-35-L), S.Randolph (4), E.Dessens (1), M.Fetters (0), R.Choate (0)"
110,114,111,111,Aug 6,,ATL,"L,2-4",9.0,10,4,4,0,4,6,3,0,5.12,39,140,86,2.0,0.0,2,0,35,0,0,0,0,0,0,1,3,Adam Dowdy,"B.Webb (5-41-L), M.Koplove (1), G.Aquino (2)"
111,115,112,112,Aug 7,,ATL,"L,2-6",9.0,10,6,6,0,6,10,0,1,5.13,40,157,88,1.0,0.0,0,1,32,1,0,2,1,0,0,3,4,Angel Hernandez,"E.Gonzalez (5-48-L), E.Dessens (1), R.Choate (1), M.Fetters (1)"
112,116,113,113,Aug 8,,ATL,"L,4-11",9.0,15,11,11,0,5,7,3,0,5.18,48,179,106,5.0,2.0,0,0,41,2,0,0,1,1,2,1,6,Mark Wegner,"C.Fossum (4-9-L), S.Randolph (2), S.Sparks (6), S.Nance (64), M.Fetters (0), G.Aquino (1)"
113,117,114,114,Aug 10,@,MON,"L,0-4",8.0,8,4,3,1,1,4,0,1,5.17,34,105,75,0.0,0.0,0,0,29,2,0,0,2,1,1,1,3,Paul Emmel,"R.Johnson (5-53-L), S.Nance (1), M.Koplove (3)"
114,118,115,115,Aug 11,@,MON,"L,3-7",8.0,8,7,7,0,5,4,1,0,5.19,35,130,76,2.0,0.0,0,0,30,2,0,1,0,0,0,2,3,Troy Fullwood,"B.Webb (4-24-L), S.Randolph (2), E.Dessens (3)"
115,119,116,116,Aug 12,@,MON,"L,5-7",8.0,13,7,7,0,5,4,1,0,5.21,39,138,79,3.0,1.0,1,1,33,4,0,0,1,0,0,1,4,Mike DiMuro,"L.Cormier (6-9-L), S.Randolph (0), M.Fetters (3), S.Nance (1)"
116,120,117,117,Aug 13,@,NYM,"L,6-10",8.0,11,10,10,0,7,5,3,0,5.26,42,171,99,3.0,3.0,2,0,34,4,0,1,1,0,0,0,4,Jim Reynolds,"C.Fossum (4-12-L), E.Dessens (1), S.Sparks (4), G.Aquino (4)"
117,121,118,118,Aug 14,@,NYM,"L,3-4",8.0,8,4,3,1,3,5,1,1,5.24,37,135,86,2.0,0.0,1,0,31,1,1,0,2,0,2,1,3,Andy Fletcher,"E.Gonzalez (6-40-L), M.Fetters (1), M.Koplove (3)"
118,122,119,119,Aug 15,@,NYM,"W,2-0",9.0,5,0,0,0,1,15,0,0,5.2,32,124,93,1.0,0.0,0,1,31,2,0,0,0,0,0,0,2,Tim Welke,"R.Johnson (4-86-W), G.Aquino (1-Sv)"
119,123,120,120,Aug 16,,PIT,"L,7-8",10.0,12,8,5,3,8,12,2,0,5.19,50,202,123,2.0,2.0,1,1,41,1,1,2,0,1,1,0,5,Jim Joyce,"B.Webb (4-55), E.Dessens (2), M.Fetters (1), S.Nance (3), G.Aquino (0-L)"
120,124,121,121,Aug 17,,PIT,"L,1-7",9.0,12,7,7,0,7,5,2,0,5.2,44,162,94,0.0,0.0,0,1,37,2,1,0,0,0,0,1,4,Kerwin Danley,"S.Randolph (4-43-L), L.Cormier (4), M.Fetters (0), M.Koplove (2)"
121,125,122,122,Aug 18,,PIT,"W,6-3",9.0,7,3,3,0,2,5,1,0,5.19,36,126,82,0.0,0.0,0,0,33,1,0,0,1,0,0,0,3,Marvin Hudson,"C.Fossum (4-54-W), M.Koplove (0-H), G.Aquino (1-Sv)"
122,126,123,123,Aug 20,,CIN,"L,0-2",9.0,5,2,1,1,4,16,0,0,5.15,37,144,91,7.0,0.0,2,0,32,2,0,0,1,0,1,0,4,Rob Drake,"R.Johnson (4-76-L), M.Koplove (1), S.Nance (3), B.Bruney (33)"
123,127,124,124,Aug 21,,CIN,"W,2-1",9.0,4,1,1,0,7,9,0,0,5.12,36,138,75,0.0,0.0,2,0,29,1,0,1,0,0,0,1,3,Jerry Crawford,"B.Webb (4-65-W), S.Nance (0-H), G.Aquino (2-Sv)"
124,128,125,125,Aug 22,,CIN,"L,1-11",9.0,10,11,10,1,4,8,2,2,5.16,43,173,103,1.0,0.0,1,0,35,4,0,0,1,1,1,1,4,Mike Jost,"S.Randolph (4-36-L), L.Cormier (4), M.Fetters (4), S.Sparks (8)"
125,129,126,126,Aug 23,@,PIT,"W,5-4",9.0,11,4,4,0,3,7,2,0,5.15,40,148,90,0.0,0.0,0,0,36,2,0,0,0,1,0,0,4,Wally Bell,"C.Fossum (4-41), B.Bruney (2), S.Nance (1-W), G.Aquino (1-Sv)"
126,130,127,127,Aug 24,@,PIT,"L,1-3",8.0,8,3,3,0,3,4,1,1,5.14,36,136,82,0.0,0.0,0,0,31,3,0,0,1,0,1,2,2,Laz Diaz,"E.Gonzalez (9-51-L), M.Koplove (3)"
127,131,128,128,Aug 25,@,PIT,"L,1-2",8.0,3,2,2,0,0,11,2,0,5.12,27,82,65,,,0,0,27,0,0,0,0,0,0,0,1,Bill Welke,R.Johnson (4-79-L)
128,132,129,129,Aug 27,@,CIN,"W,4-3",11.0,7,3,3,0,4,14,1,0,5.09,44,157,102,4.0,0.0,1,0,40,3,0,0,0,0,1,1,5,Jeff Nelson,"B.Webb (5-59), S.Nance (3-BSv), M.Koplove (2), B.Bruney (3-W), G.Aquino (3-Sv)"
129,133,130,130,Aug 28,@,CIN,"W,6-3",9.0,4,3,3,0,6,10,0,2,5.07,38,146,88,1.0,0.0,0,0,29,1,0,1,1,0,0,0,5,Chris Guccione,"C.Fossum (4-62-W), M.Fetters (5-H), M.Koplove (0-H), B.Bruney (0), G.Aquino (0-Sv)"
130,134,131,131,Aug 29,@,CIN,"L,2-6",8.0,6,6,6,0,6,4,1,0,5.08,34,149,84,5.0,2.0,0,0,28,0,0,0,0,0,0,2,4,Marty Foster,"E.Gonzalez (4-64), M.Fetters (0-L), S.Nance (1), L.Cormier (6)"
131,135,132,132,Aug 31,,LAD,"L,1-4",13.0,7,4,4,0,5,15,1,0,5.06,49,204,128,1.0,0.0,2,0,43,1,0,2,1,0,0,1,5,Paul Emmel,"R.Johnson (5-86), M.Koplove (2), G.Aquino (2), B.Bruney (2-L), L.Cormier (1)"
132,137,133,133,Sep 1,,LAD,"W,3-1",9.0,4,1,0,1,5,9,0,0,5.02,37,137,85,0.0,0.0,1,0,32,0,0,0,0,0,2,1,4,Mike DiMuro,"B.Webb (4-68-W), S.Nance (2-H), M.Koplove (0-H), G.Aquino (0-Sv)"
133,138,134,134,Sep 2,,LAD,"L,4-8",9.0,8,8,5,3,4,9,3,0,5.02,42,163,104,2.0,2.0,0,0,38,3,0,1,0,0,4,1,3,Mike Jost,"C.Fossum (4-64), S.Nance (0-L), L.Cormier (1)"
134,139,135,135,Sep 3,@,SFG,"L,7-18",8.0,18,18,13,5,7,4,2,3,5.08,55,181,105,1.0,1.0,0,0,44,4,1,2,0,1,2,0,5,Angel Hernandez,"E.Gonzalez (4--3-L), C.Durbin (7), B.Bruney (2), M.Fetters (4), S.Sparks (11)"
135,140,136,136,Sep 4,@,SFG,"L,7-9",8.0,11,9,9,0,6,3,1,1,5.12,39,158,85,3.0,2.0,0,2,31,3,0,0,1,0,1,0,4,Mike Everitt,"S.Randolph (12-33), L.Cormier (1-H), M.Koplove (2-L), G.Aquino (2-BSv)"
136,141,137,137,Sep 5,@,SFG,"L,1-4",8.0,8,4,4,0,4,7,1,0,5.11,35,142,90,1.0,0.0,0,0,30,0,1,1,1,0,0,1,2,Brian Knight,"R.Johnson (4-48-L), M.Fetters (1)"
137,142,138,138,Sep 7,@,LAD,"L,2-8",8.0,10,8,7,1,6,10,1,1,5.13,43,176,109,2.0,0.0,1,0,36,1,1,1,0,0,1,0,4,Jim Reynolds,"B.Webb (5-37-L), R.Choate (30), C.Durbin (3), B.Bruney (3)"
138,143,139,139,Sep 8,@,LAD,"L,5-6",8.1,12,6,6,0,3,6,1,0,5.14,38,122,88,5.0,1.0,0,0,35,1,0,0,0,0,0,0,5,Andy Fletcher,"C.Fossum (5-38), S.Service (64-BSv), S.Nance (5), M.Fetters (2), M.Koplove (3-L)"
139,144,140,140,Sep 9,@,LAD,"L,3-5",8.0,10,5,5,0,2,9,2,2,5.14,38,126,84,2.0,0.0,1,0,32,0,0,0,1,1,0,0,4,Tim Welke,"E.Gonzalez (5-42-L), R.Choate (1), M.Gosling (99), G.Aquino (4)"
140,145,141,141,Sep 10,,SFG,"W,2-1",9.0,5,1,1,0,4,8,0,1,5.11,38,140,95,0.0,0.0,0,0,33,0,0,1,0,0,1,0,3,Randy Marsh,"R.Johnson (4-72-W), M.Koplove (1-H), G.Aquino (0-Sv)"
141,146,142,142,Sep 11,,SFG,"L,3-5",9.0,9,5,5,0,6,8,0,0,5.11,41,144,79,1.0,0.0,0,0,35,3,0,1,0,0,0,1,4,Larry Vanover,"S.Randolph (6-27-L), L.Cormier (6), M.Gosling (1), B.Bruney (3)"
142,147,143,143,Sep 12,,SFG,"L,2-5",9.0,8,5,5,0,7,7,4,0,5.11,43,152,96,1.0,1.0,0,0,34,0,0,1,2,0,1,0,3,Paul Nauert,"B.Webb (4-58), R.Choate (2-L), M.Koplove (1)"
143,148,144,144,Sep 13,,COL,"L,2-9",9.0,13,9,9,0,3,7,5,0,5.14,39,153,101,0.0,0.0,1,1,36,1,0,0,0,0,0,2,4,Bill Welke,"C.Fossum (4-31-L), L.Cormier (1), S.Service (4), S.Sparks (9)"
144,149,145,145,Sep 14,,COL,"W,4-3",13.0,6,3,3,0,4,12,1,1,5.11,49,192,115,6.0,0.0,0,0,44,1,0,0,0,0,0,0,8,Laz Diaz,"M.Gosling (2-58), M.Fetters (5), C.Durbin (6-H), M.Koplove (1-BSv), S.Nance (5), G.Aquino (3), B.Bruney (2), R.Choate (1-W)"
145,150,146,146,Sep 15,,COL,"W,3-2",9.0,5,2,2,0,0,13,1,0,5.09,32,110,80,0.0,0.0,0,0,32,0,1,0,0,0,0,0,2,Chris Guccione,"R.Johnson (4-75-W), G.Aquino (0-Sv)"
146,151,147,147,Sep 16,,COL,"W,8-5",9.0,8,5,5,0,7,8,1,0,5.09,42,178,104,3.0,0.0,0,0,35,1,0,0,0,0,1,1,5,Wally Bell,"S.Randolph (4-40), S.Service (2), C.Durbin (1-W), M.Koplove (1-H), M.Fetters (1-Sv)"
147,152,148,148,Sep 17,@,STL,"L,3-4",8.0,8,4,4,0,8,5,2,2,5.08,40,151,76,5.0,0.0,0,0,29,0,1,1,0,1,1,2,7,Jerry Layne,"B.Webb (4-49), L.Cormier (3), S.Sparks (3), S.Nance (2), B.Bruney (2), R.Choate (2), S.Service (0-L)"
148,153,149,149,Sep 18,@,STL,"L,0-7",8.0,9,7,6,1,5,6,0,1,5.09,38,142,93,3.0,2.0,3,2,29,1,0,0,2,1,0,0,3,Ed Montague,"C.Fossum (4-50-L), C.Durbin (1), R.Choate (0)"
149,154,150,150,Sep 19,@,STL,"W,3-2",9.0,8,2,2,0,3,4,1,0,5.07,37,142,92,2.0,0.0,1,0,33,2,0,1,1,0,1,1,5,Jerry Meals,"M.Gosling (4-46-W), B.Bruney (1-H), R.Choate (0-H), M.Koplove (2-H), G.Aquino (3-Sv)"
150,155,151,151,Sep 22,@,COL,"L,2-4",8.0,10,4,2,2,2,4,1,0,5.06,34,125,85,0.0,0.0,0,2,31,0,0,0,1,0,1,1,2,Doug Eddings,"R.Johnson (6-55-L), B.Bruney (2)"
151,156,152,152,Sep 23(1),@,COL,"L,1-7",8.0,13,7,7,0,4,5,0,0,5.07,40,159,88,2.0,1.0,0,0,35,2,0,0,1,0,0,1,4,Charlie Reliford,"B.Webb (5-47-L), C.Durbin (4), S.Nance (5), S.Service (5)"
152,157,153,153,Sep 23(2),@,COL,"L,1-2",9.0,12,2,2,0,4,11,0,0,5.05,41,152,96,1.0,1.0,0,0,37,2,0,1,0,0,0,1,3,Jeff Kellogg,"C.Fossum (4-60), M.Koplove (3-BSv), R.Choate (3-L)"
153,158,154,154,Sep 24,@,SDP,"L,5-6",8.1,10,6,5,1,2,3,0,2,5.05,38,140,81,0.0,0.0,0,0,34,2,1,0,0,0,1,1,4,Eric Cooper,"M.Gosling (4-40), L.Cormier (6-H), R.Choate (0-H), G.Aquino (4-BL)"
154,159,155,155,Sep 25,@,SDP,"L,5-6",8.0,8,6,6,0,7,8,0,0,5.06,39,158,87,2.0,0.0,0,0,31,3,0,0,0,1,0,0,4,CB Bucknor,"S.Randolph (8-43), S.Service (1), C.Durbin (1-L), B.Bruney (2)"
155,160,156,156,Sep 26,@,SDP,"L,1-7",8.0,12,7,6,1,6,4,0,2,5.07,44,146,89,5.0,1.0,0,0,32,0,0,1,1,3,0,1,5,Chuck Meriwether,"S.Sparks (8-24-L), L.Cormier (1), S.Nance (2), R.Choate (1), S.Service (0)"
156,161,157,157,Sep 27,,MIL,"W,3-1",9.0,6,1,1,0,1,12,0,0,5.05,33,128,90,0.0,0.0,0,1,32,1,1,0,0,0,0,0,3,Gary Darling,"R.Johnson (4-72-W), R.Choate (0-H), G.Aquino (2-Sv)"
157,162,158,158,Sep 28,,MIL,"W,9-8",11.0,12,8,6,2,7,9,1,0,5.05,50,163,95,0.0,0.0,2,2,41,1,2,1,1,1,2,1,5,Bill Hohn,"B.Webb (4-43), S.Nance (1-H), R.Choate (0-H), G.Aquino (0-BSv), M.Koplove (4-W)"
158,163,159,159,Sep 29,,MIL,"L,1-4",9.0,8,4,4,0,2,8,2,0,5.04,37,174,105,2.0,0.0,2,0,34,0,1,0,0,1,0,0,5,Mark Carlson,"C.Fossum (5-43-L), J.Fassero (15), L.Cormier (2), R.Choate (0), B.Bruney (3)"
159,164,160,160,Oct 1,,SDP,"L,2-3",9.0,7,3,3,0,4,7,2,0,5.03,36,129,84,0.0,0.0,0,0,32,2,0,0,0,0,0,1,3,Kerwin Danley,"M.Gosling (6-45-L), B.Bruney (1), M.Koplove (2)"
160,165,161,161,Oct 2,,SDP,"W,7-6",9.0,10,6,1,5,0,9,1,0,5.0,38,137,99,0.0,0.0,2,0,38,0,1,0,0,0,1,0,2,Dana DeMuth,"R.Johnson (4-56-W), G.Aquino (3-Sv)"
161,166,162,162,Oct 3,,SDP,"W,4-1",9.0,6,1,1,0,0,6,0,0,4.98,32,108,69,0.0,0.0,0,1,31,0,0,0,1,0,0,0,3,Marvin Hudson,"B.Webb (4-67-W), M.Koplove (1-H), G.Aquino (0-Sv)"
