,index,Rk,Gtm,Date,Unnamed: 3,Opp,Rslt,IP,H,R,ER,UER,BB,SO,HR,HBP,ERA,BF,Pit,Str,IR,IS,SB,CS,AB,2B,3B,IBB,SH,SF,ROE,GDP,#,Umpire,Pitchers Used (Rest-GameScore-Dec)
0,0,1,1,Apr 3,@,CIN,"L,2-3",8.0,4,3,3,0,4,5,0,0,3.38,34,113,69,0.0,0.0,1,0,29,1,1,0,1,0,2,0,3,Terry Craft,"T.Ritchie (99-52-L), S.Sauerbeck (99), J.Silva (99)"
1,1,2,2,Apr 4,@,CIN,"W,6-5",10.0,18,5,5,0,3,9,1,0,4.0,49,165,113,7.0,0.0,3,0,46,1,0,0,0,0,0,2,6,Bill Miller,"T.Mulholland (99-41), J.Manzanillo (99), J.Silva (0), M.Wilkins (99), S.Sauerbeck (0), M.Williams (99-W)"
2,2,3,3,Apr 5,@,CIN,"L,1-4",8.0,5,4,4,0,3,4,0,0,4.15,31,110,71,0.0,0.0,1,0,28,1,0,0,0,0,1,2,2,Rob Drake,"J.Anderson (99-52-L), M.Wilkins (0)"
3,3,4,4,Apr 6,@,HOU,"L,1-4",8.0,7,4,3,1,0,7,1,1,3.97,32,104,81,0.0,0.0,0,0,30,1,1,0,0,1,1,1,2,Alfonso Marquez,"O.Olivares (99-53-L), J.Manzanillo (1)"
4,4,5,5,Apr 7,@,HOU,"W,5-3",9.0,6,3,3,0,5,10,0,2,3.77,38,143,86,0.0,0.0,2,1,30,1,0,1,1,0,1,2,4,Steve Rippley,"B.Arroyo (99-46-W), M.Wilkins (1-H), S.Sauerbeck (2-H), M.Williams (2-Sv)"
5,5,6,6,Apr 8,@,HOU,"W,9-3",9.0,7,3,3,0,3,8,2,0,3.63,36,150,88,0.0,0.0,0,1,33,0,0,0,0,0,1,1,3,Mike Winters,"J.Beimel (99-49-W), B.Taylor (99), J.Silva (3)"
6,6,7,7,Apr 9,,CIN,"L,2-8",9.0,12,8,8,0,4,5,1,3,4.28,42,146,88,4.0,1.0,0,1,33,2,0,0,2,0,0,2,4,Bill Welke,"T.Ritchie (5-43-L), J.Manzanillo (2), S.Sauerbeck (1), M.Wilkins (1)"
7,7,8,8,Apr 11,,CIN,"W,6-5",9.0,15,5,4,1,1,10,0,0,4.24,44,167,111,2.0,0.0,2,0,43,3,0,0,0,0,2,1,5,John Hirschbeck,"J.Anderson (5-21), J.Manzanillo (1), J.Beimel (2), J.Silva (2-W), M.Williams (3-Sv)"
8,8,9,9,Apr 12,,CIN,"L,6-11",9.0,12,11,11,0,5,5,2,1,5.01,44,145,88,0.0,0.0,1,0,36,3,1,2,1,1,1,2,4,Chuck Meriwether,"O.Olivares (5-22-L), M.Wilkins (2), S.Sauerbeck (2), J.Silva (0)"
9,9,10,10,Apr 13,@,CHC,"L,2-4",8.0,5,4,3,1,1,3,2,0,4.86,30,101,67,1.0,0.0,0,0,28,0,0,0,1,0,1,0,3,Greg Bonin,"B.Arroyo (5-56-L), J.Beimel (1), J.Manzanillo (1)"
10,10,11,11,Apr 14,@,CHC,"L,6-7",8.0,13,7,7,0,4,9,2,0,5.12,40,145,90,6.0,2.0,1,0,35,1,0,0,0,1,0,1,4,Jerry Meals,"R.Martinez (99-43), J.Silva (1-L), S.Sauerbeck (1), J.Manzanillo (0)"
11,11,12,12,Apr 15,@,CHC,"L,1-5",8.0,11,5,5,0,5,4,2,0,5.16,38,138,79,2.0,2.0,0,1,32,1,0,0,1,0,0,1,4,Phil Cuzzi,"T.Ritchie (5-52), S.Sauerbeck (0-L), M.Wilkins (2), M.Williams (3)"
12,12,13,13,Apr 16,,HOU,"W,3-0",9.0,8,0,0,0,2,6,0,0,4.74,37,127,76,2.0,0.0,1,0,34,2,0,0,1,0,1,1,3,Mike Reilly,"J.Anderson (4-65-W), S.Sauerbeck (0-H), M.Williams (0-Sv)"
13,13,14,14,Apr 18,,HOU,"W,8-4",9.0,6,4,4,0,1,5,2,1,4.69,34,103,65,2.0,0.0,0,0,31,1,0,0,0,1,0,0,5,Jeff Kellogg,"O.Olivares (5-41), B.Arroyo (4-W), J.Manzanillo (3), S.Sauerbeck (1-H), J.Silva (3)"
14,14,15,15,Apr 20,,CHC,"L,2-8",9.0,7,8,7,1,9,5,1,1,4.85,41,180,94,8.0,3.0,0,0,30,1,0,0,0,1,2,4,5,Richard Shulock,"R.Martinez (5-38-L), J.Beimel (6), J.Manzanillo (1), S.Sauerbeck (1), J.Silva (1)"
15,15,16,16,Apr 21,,CHC,"L,3-4",9.0,7,4,3,1,0,10,2,1,4.73,36,119,80,2.0,0.0,1,0,35,2,0,0,0,0,1,0,4,Mike Everitt,"T.Ritchie (5-61), T.Mulholland (16), J.Manzanillo (0), M.Williams (4-L)"
16,16,17,17,Apr 22,,CHC,"W,4-3",10.0,9,3,3,0,4,5,1,0,4.59,41,125,75,0.0,0.0,0,0,35,1,0,1,2,0,0,1,3,Rocky Roe,"J.Anderson (5-63), J.Silva (1), M.Williams (0-W)"
17,17,18,18,Apr 24,@,LAD,"W,5-1",9.0,4,1,1,0,4,8,0,1,4.39,35,135,77,1.0,0.0,0,0,30,1,0,0,0,0,0,0,4,Jeff Nelson,"O.Olivares (5-67-W), T.Mulholland (2-H), B.Arroyo (5-H), J.Silva (1)"
18,18,19,19,Apr 25,@,LAD,"L,5-6",8.0,5,6,6,0,5,5,1,0,4.5,33,134,83,0.0,0.0,2,0,28,1,2,0,0,0,0,0,3,Derryl Cousins,"R.Martinez (4-37), J.Beimel (4), J.Manzanillo (3-L)"
19,19,20,20,Apr 26,@,LAD,"L,3-6",8.0,8,6,6,0,3,5,0,0,4.6,35,122,74,2.0,0.0,1,0,32,2,0,0,0,0,0,0,3,Rob Drake,"T.Ritchie (4-31-L), T.Mulholland (1), S.Sauerbeck (5)"
20,20,21,21,Apr 27,@,SDP,"W,3-0",9.0,8,0,0,0,4,7,0,0,4.38,39,153,87,2.0,0.0,0,0,35,0,0,0,0,0,2,2,5,Brian Gorman,"J.Anderson (4-59-W), J.Manzanillo (1-H), S.Sauerbeck (0-H), J.Silva (2-H), M.Williams (4-Sv)"
21,21,22,22,Apr 28,@,SDP,"L,1-8",8.0,14,8,8,0,6,8,2,1,4.57,44,174,104,2.0,0.0,3,0,37,3,0,0,0,0,0,1,3,Doug Eddings,"B.Arroyo (3-31-L), J.Beimel (2), T.Mulholland (1)"
22,22,23,23,Apr 29,@,SDP,"L,1-6",8.0,9,6,6,0,4,9,1,0,4.66,36,148,87,1.0,0.0,0,0,32,2,1,0,0,0,0,1,3,Tim Timmons,"O.Olivares (4-45-L), J.Manzanillo (1), J.Silva (1)"
23,24,24,24,May 1,,SFG,"L,6-11",9.0,14,11,11,0,7,6,3,1,4.93,48,151,87,1.0,0.0,0,0,39,2,0,0,1,0,0,1,5,Lance Barksdale,"R.Martinez (5-34-L), T.Mulholland (2), J.Beimel (2), S.Sauerbeck (3), M.Williams (3)"
24,25,25,25,May 2,,SFG,"L,6-7",9.0,9,7,6,1,2,5,2,0,4.98,41,140,95,5.0,3.0,0,0,39,2,0,0,0,0,3,0,5,Ron Kulpa,"T.Ritchie (5-39), J.Silva (2-BL), S.Sauerbeck (0), J.Manzanillo (2), T.Mulholland (0)"
25,26,26,26,May 3,,SFG,"W,4-3",9.0,9,3,3,0,6,4,1,0,4.9,40,142,82,1.0,0.0,1,0,32,0,0,1,1,1,0,2,3,Wally Bell,"J.Anderson (5-46), J.Silva (0-W), M.Williams (1-Sv)"
26,27,27,27,May 4,,COL,"L,3-9",9.0,13,9,9,0,3,4,2,0,5.06,44,149,95,0.0,0.0,2,0,40,3,0,1,0,1,0,0,4,Jim McKean,"B.Arroyo (5-25-L), T.Mulholland (1), J.Manzanillo (1), J.Beimel (2)"
27,28,28,28,May 5,,COL,"W,11-3",9.0,3,3,3,0,6,3,0,1,4.98,36,123,69,0.0,0.0,0,0,29,1,0,1,0,0,0,0,3,Jim Joyce,"O.Olivares (5-56-W), S.Sauerbeck (2), J.Beimel (0)"
28,29,29,29,May 6,,COL,"W,4-3",11.0,12,3,3,0,5,2,0,1,4.87,49,160,93,0.0,0.0,0,0,43,1,0,2,0,0,0,0,5,Terry Craft,"D.Wengert (99-38), T.Mulholland (1-H), S.Sauerbeck (0-H), J.Manzanillo (1-BSv), J.Beimel (0-W)"
29,30,30,30,May 7,@,STL,"L,0-7",8.0,10,7,6,1,4,4,3,0,4.93,40,148,96,0.0,0.0,0,0,35,0,0,2,1,0,1,1,2,Mike Winters,"T.Ritchie (4-50-L), J.Silva (3)"
30,31,31,31,May 8,@,STL,"L,2-8",8.0,8,8,8,0,5,5,2,1,5.05,37,143,88,0.0,0.0,0,0,31,2,0,0,0,0,0,1,3,Ted Barrett,"J.Anderson (4-32-L), T.Mulholland (1), M.Williams (4)"
31,32,32,32,May 9,@,STL,"L,2-6",8.0,10,6,4,2,4,5,1,0,5.03,35,133,77,2.0,0.0,0,0,29,1,0,0,0,2,0,3,4,Alfonso Marquez,"B.Arroyo (4-36-L), J.Beimel (2), T.Mulholland (0), S.Sauerbeck (2)"
32,33,33,33,May 10,@,STL,"L,5-11",8.0,17,11,11,0,3,6,2,0,5.24,43,146,92,3.0,1.0,0,0,38,2,0,0,2,0,0,1,5,Steve Rippley,"O.Olivares (4-33), T.Mulholland (0), J.Silva (2-BL), S.Sauerbeck (0), J.Manzanillo (3)"
33,34,34,34,May 11,@,MIL,"W,3-0",9.0,4,0,0,0,2,10,0,0,5.08,32,125,75,2.0,0.0,1,0,30,1,0,0,0,0,0,1,3,Laz Diaz,"J.Schmidt (99-66-W), J.Manzanillo (0-H), M.Williams (2-Sv)"
34,35,35,35,May 12,@,MIL,"L,4-5",11.0,9,5,3,2,7,7,1,0,4.98,49,197,118,5.0,2.0,0,1,42,2,0,0,0,0,0,0,7,Rick Reed,"T.Ritchie (4-54), T.Mulholland (1-H), J.Silva (1), S.Sauerbeck (1-BSv), M.Williams (0), B.Arroyo (2), J.Beimel (2-L)"
35,36,36,36,May 13,@,MIL,"L,1-4",8.0,8,4,4,0,3,4,2,0,4.97,35,114,64,0.0,0.0,0,0,31,1,0,1,0,1,0,0,2,Al Clark,"J.Anderson (4-47-L), S.Sauerbeck (0)"
36,37,37,37,May 14,@,MIL,"L,8-11",8.0,13,11,10,1,3,6,1,0,5.13,40,157,97,2.0,2.0,0,0,35,2,0,0,2,0,1,1,3,Mark Wegner,"D.Wengert (7-15-L), T.Mulholland (1), J.Manzanillo (2)"
37,38,38,38,May 15,,STL,"L,3-8",9.0,14,8,8,0,3,13,2,1,5.2,44,150,94,1.0,1.0,0,0,39,5,1,1,1,0,0,1,5,Tony Randazzo,"O.Olivares (4-53-L), J.Manzanillo (0), S.Sauerbeck (1), J.Silva (2), M.Williams (2)"
38,39,39,39,May 16,,STL,"L,0-3",9.0,5,3,3,0,2,12,0,0,5.15,33,149,92,0.0,0.0,0,0,31,0,1,1,0,0,0,0,3,Ed Montague,"J.Schmidt (4-51-L), T.Mulholland (1), J.Beimel (3)"
39,40,40,40,May 17,,STL,"L,2-12",9.0,13,12,10,2,3,4,2,0,5.27,45,143,96,1.0,0.0,1,0,41,3,1,0,0,1,2,0,3,Jerry Layne,"T.Ritchie (4-18-L), B.Arroyo (4), J.Silva (1)"
40,41,41,41,May 19,,MIL,"W,6-1",9.0,5,1,1,0,2,5,1,0,5.16,35,128,81,0.0,0.0,0,0,33,0,0,0,0,0,1,0,2,Dan Morrison,"J.Anderson (5-76-W), M.Williams (3)"
41,42,42,42,May 20,,MIL,"W,8-7",9.0,10,7,7,0,1,6,1,1,5.21,38,120,78,3.0,3.0,0,0,36,1,0,1,0,0,0,1,6,Randy Marsh,"D.Wengert (5-23), T.Mulholland (3), J.Silva (2), J.Beimel (3), J.Manzanillo (4-W), M.Williams (0-Sv)"
42,43,43,43,May 23(1),@,PHI,"L,0-4",8.0,10,4,4,0,6,10,1,0,5.19,38,150,87,0.0,0.0,3,0,32,0,0,0,0,0,0,1,3,Chris Guccione,"J.Schmidt (6-35-L), B.Arroyo (5), S.Sauerbeck (7)"
43,44,44,44,May 23(2),@,PHI,"L,2-5",8.0,9,5,5,0,3,5,0,0,5.2,34,116,74,,,0,0,31,3,0,1,0,0,0,2,1,Ed Rapuano,O.Olivares (7-46-L)
44,45,45,45,May 24,@,PHI,"L,5-6",8.0,12,6,6,0,4,2,1,0,5.23,37,111,68,6.0,2.0,0,0,33,2,1,1,0,0,0,2,4,Paul Emmel,"J.Anderson (4-36), J.Manzanillo (3-BSv), S.Sauerbeck (0-L), J.Silva (3)"
45,46,46,46,May 25,@,ATL,"L,0-1",8.0,5,1,1,0,1,4,0,0,5.15,30,87,62,,,1,0,29,3,0,0,0,0,0,0,1,John Hirschbeck,T.Ritchie (7-71-L)
46,47,47,47,May 26,@,ATL,"L,3-9",8.0,14,9,8,1,2,5,2,0,5.23,40,133,84,1.0,1.0,1,0,38,6,1,0,0,0,1,1,5,Chuck Meriwether,"D.Wengert (5-18-L), T.Mulholland (5), J.Beimel (5), J.Manzanillo (1), M.Williams (5)"
47,48,48,48,May 27,@,ATL,"W,6-3",9.0,11,3,3,0,2,6,0,1,5.18,40,132,92,3.0,1.0,1,0,35,3,0,0,1,1,1,1,5,Brian O'Nora,"B.Arroyo (3-53-W), J.Manzanillo (0-H), S.Sauerbeck (2), J.Silva (2-H), M.Williams (0-Sv)"
48,49,49,49,May 28,,FLA,"W,8-5",9.0,10,5,5,0,3,4,0,1,5.18,38,105,64,1.0,1.0,0,0,33,1,0,0,0,1,0,2,4,Fieldin Culbreth,"O.Olivares (4-32), J.Manzanillo (0), J.Silva (0-W), M.Williams (0-Sv)"
49,50,50,50,May 29,,FLA,"L,0-5",9.0,9,5,5,0,3,8,2,1,5.17,40,142,84,2.0,0.0,2,0,35,1,0,0,0,1,1,1,3,Dale Scott,"J.Anderson (4-54-L), J.Silva (0), T.Mulholland (2)"
50,51,51,51,May 30,,FLA,"L,7-9",10.0,12,9,9,0,5,8,2,0,5.24,47,172,105,6.0,2.0,0,0,42,6,0,1,0,0,0,0,6,Larry Young,"J.Schmidt (6-43), J.Manzanillo (1-BSv), S.Sauerbeck (2), J.Silva (0), T.Mulholland (0), M.Williams (1-L)"
51,53,52,52,Jun 1,,ATL,"L,1-5",9.0,10,5,5,0,1,7,2,0,5.23,36,122,77,1.0,1.0,0,0,34,4,1,0,0,1,0,1,3,Ted Barrett,"T.Ritchie (6-41-L), T.Mulholland (1), J.Beimel (5)"
52,54,53,53,Jun 3(1),,ATL,"L,7-11",9.0,18,11,11,0,2,8,1,1,5.35,47,162,109,1.0,1.0,0,0,44,3,0,0,0,0,0,1,5,Alfonso Marquez,"O.Olivares (5-21-L), T.Mulholland (1), B.Arroyo (6), J.Beimel (1), J.Manzanillo (3)"
53,55,54,54,Jun 3(2),,ATL,"L,3-8",9.0,12,8,8,0,4,5,1,0,5.4,43,162,91,1.0,1.0,3,0,37,3,0,1,1,1,0,0,4,Steve Rippley,"J.Anderson (4-22-L), J.Silva (3), S.Sauerbeck (3), M.Williams (3)"
54,56,55,55,Jun 5,@,FLA,"W,5-2",9.0,6,2,2,0,2,8,1,0,5.33,34,126,79,1.0,0.0,0,1,32,2,0,0,0,0,0,0,3,Joe Brinkman,"J.Schmidt (5-71-W), J.Manzanillo (1), M.Williams (1-Sv)"
55,57,56,56,Jun 6,@,FLA,"L,2-7",8.0,10,7,6,1,1,2,1,0,5.36,34,113,82,0.0,0.0,0,1,31,3,1,0,1,1,1,0,2,Matt Hollowell,"T.Ritchie (4-36-L), D.Williams (99)"
56,58,57,57,Jun 7,@,FLA,"L,3-5",8.0,8,5,5,0,3,7,1,1,5.36,34,134,79,1.0,0.0,0,0,30,2,0,0,0,0,0,1,3,Derryl Cousins,"J.Beimel (3-66), B.Arroyo (3-H), J.Manzanillo (1-BL)"
57,59,58,58,Jun 8,@,MIN,"L,6-8",8.0,8,8,8,0,4,1,2,0,5.42,36,144,80,0.0,0.0,1,0,32,1,0,1,0,0,0,0,3,Mike Reilly,"O.Olivares (4-16-L), T.Mulholland (4), S.Sauerbeck (4)"
58,60,59,59,Jun 9,@,MIN,"L,2-3",8.0,11,3,3,0,2,5,0,0,5.39,35,117,79,0.0,0.0,5,0,33,1,1,0,0,0,0,0,2,Tim Timmons,"J.Anderson (5-47-L), J.Manzanillo (1)"
59,61,60,60,Jun 10,@,MIN,"W,11-8",9.0,12,8,8,0,2,8,2,1,5.43,42,160,105,2.0,2.0,0,0,39,4,0,0,0,0,0,0,4,CB Bucknor,"J.Schmidt (4-7), D.Williams (3), S.Sauerbeck (1-W), M.Williams (4-Sv)"
60,62,61,61,Jun 12,@,DET,"W,13-3",9.0,7,3,3,0,3,6,0,0,5.39,37,117,75,0.0,0.0,0,0,33,1,1,0,0,1,0,1,2,Brian Gorman,"T.Ritchie (5-72-W), R.Loiselle (99)"
61,63,62,62,Jun 13,@,DET,"L,3-6",8.0,9,6,6,0,5,1,1,0,5.41,38,136,79,2.0,2.0,2,1,33,2,0,0,0,0,2,0,4,Chris Guccione,"J.Beimel (5-32-L), J.Manzanillo (3), O.Olivares (4), S.Sauerbeck (2)"
62,64,63,63,Jun 14,@,DET,"L,4-6",8.0,11,6,6,0,5,3,1,0,5.43,36,141,81,2.0,2.0,1,2,31,2,1,0,0,0,0,1,3,Matt Hollowell,"B.Arroyo (6-27-L), D.Williams (3), O.Olivares (0)"
63,65,64,64,Jun 15,,CLE,"W,6-3",9.0,6,3,3,0,4,8,0,1,5.39,37,136,78,1.0,0.0,2,0,31,1,0,0,1,0,0,1,4,Rich Rieker,"J.Anderson (5-63-W), R.Loiselle (2), S.Sauerbeck (1-H), M.Williams (4-Sv)"
64,66,65,65,Jun 16,,CLE,"W,6-4",9.0,11,4,4,0,3,10,1,0,5.37,40,167,107,1.0,0.0,0,0,37,1,0,0,0,0,0,0,4,Mark Carlson,"J.Schmidt (5-49-W), S.Sauerbeck (0-H), J.Manzanillo (2-H), M.Williams (0-Sv)"
65,67,66,66,Jun 17,,CLE,"W,1-0",9.0,4,0,0,0,2,5,0,0,5.28,32,121,76,,,1,0,29,2,0,0,1,0,1,1,1,Tim Tschida,T.Ritchie (4-82-W)
66,68,67,67,Jun 19,,PHI,"W,8-5",9.0,8,5,5,0,5,4,1,0,5.28,40,133,84,0.0,0.0,0,0,35,4,0,0,0,0,0,0,3,Marty Foster,"J.Beimel (5-36-W), D.Williams (4-H), S.Sauerbeck (2-Sv)"
67,69,68,68,Jun 20,,PHI,"L,5-9",9.0,14,9,8,1,3,4,0,0,5.32,44,134,79,0.0,0.0,0,1,40,6,0,1,0,1,2,1,5,Ron Kulpa,"B.Arroyo (5-27-L), O.Olivares (5), J.Manzanillo (3), R.Loiselle (4), M.Williams (3)"
68,70,69,69,Jun 21,,PHI,"L,3-6",9.0,8,6,5,1,3,6,0,0,5.32,39,126,80,2.0,0.0,4,1,35,1,2,0,0,1,1,0,3,Mark Hirschbeck,"J.Anderson (5-40-L), J.Manzanillo (0), O.Olivares (0)"
69,71,70,70,Jun 22,,MON,"L,5-11",9.0,10,11,10,1,10,4,1,3,5.39,48,184,100,3.0,2.0,0,1,34,4,0,2,0,1,0,2,4,Fieldin Culbreth,"J.Schmidt (5-18-L), O.Olivares (0), S.Sauerbeck (2), R.Loiselle (1)"
70,72,71,71,Jun 23,,MON,"W,7-4",9.0,9,4,4,0,2,7,0,1,5.37,38,129,83,1.0,0.0,0,0,35,2,0,0,0,0,0,1,5,Dale Scott,"T.Ritchie (5-46-W), S.Sauerbeck (0-H), R.Loiselle (0-H), J.Manzanillo (1-H), M.Williams (2-Sv)"
71,73,72,72,Jun 24,,MON,"L,4-11",9.0,16,11,9,2,4,3,0,1,5.42,47,151,88,2.0,2.0,1,1,42,5,0,2,0,0,1,1,3,Larry Young,"J.Beimel (4-17-L), R.Loiselle (0), D.Marte (99)"
72,74,73,73,Jun 25,,MIL,"W,6-4",9.0,7,4,4,0,3,6,2,2,5.4,38,141,90,0.0,0.0,0,1,32,0,0,0,1,0,0,0,3,Laz Diaz,"D.Williams (5-38-W), M.Lincoln (99-H), M.Williams (1-Sv)"
73,75,74,74,Jun 26,,MIL,"W,7-6",12.0,12,6,6,0,6,7,3,0,5.38,54,203,117,3.0,0.0,0,0,48,2,1,1,0,0,1,0,5,Tim Tschida,"J.Anderson (4-43), S.Sauerbeck (2), J.Manzanillo (2), M.Williams (0), O.Olivares (3-W)"
74,76,75,75,Jun 27,,MIL,"W,6-2",9.0,4,2,2,0,3,7,0,0,5.33,34,124,79,,,0,0,29,0,0,0,1,1,0,0,1,Rick Reed,J.Schmidt (4-75-W)
75,77,76,76,Jun 28,,MIL,"W,1-0",9.0,6,0,0,0,1,6,0,1,5.26,35,126,79,0.0,0.0,0,0,33,4,0,0,0,0,0,0,3,Mark Wegner,"T.Ritchie (4-75-W), M.Lincoln (2-H), M.Williams (1-Sv)"
76,78,77,77,Jun 29,@,MON,"L,3-12",8.0,14,12,10,2,5,6,0,1,5.33,44,180,99,3.0,1.0,0,0,37,6,0,1,1,0,1,1,4,Rocky Roe,"J.Beimel (4-32-L), O.Olivares (2), R.Loiselle (4), D.Marte (4)"
77,79,78,78,Jun 30,@,MON,"L,6-7",8.1,12,7,7,0,5,5,0,0,5.36,40,149,90,5.0,4.0,0,1,33,3,0,1,2,0,0,1,5,Mike Everitt,"D.Williams (4-51), S.Sauerbeck (3), M.Lincoln (1-BSv), J.Manzanillo (3-H), M.Williams (1-BL)"
78,81,79,79,Jul 1,@,MON,"L,3-9",8.0,10,9,9,0,4,3,1,1,5.42,38,130,79,2.0,0.0,0,0,32,2,0,0,1,0,0,1,5,Richard Shulock,"J.Anderson (4-22-L), M.Lincoln (0), R.Loiselle (1), D.Marte (1), O.Olivares (1)"
79,82,80,80,Jul 2,@,CIN,"W,10-5",9.0,10,5,5,0,3,12,0,3,5.41,43,158,103,0.0,0.0,1,0,37,3,0,0,0,0,0,0,4,Larry Young,"J.Schmidt (4-55-W), S.Sauerbeck (1), J.Manzanillo (1), O.Olivares (0)"
80,83,81,81,Jul 3,@,CIN,"W,3-2",9.0,5,2,2,0,3,1,0,0,5.37,34,118,80,1.0,0.0,0,0,30,0,0,0,0,1,1,2,4,Jim Wolf,"T.Ritchie (4-61-W), J.Manzanillo (0-H), S.Sauerbeck (0-H), M.Williams (2-Sv)"
81,84,82,82,Jul 4,@,CIN,"W,14-3",9.0,9,3,3,0,1,2,1,2,5.34,36,117,80,0.0,0.0,0,0,33,0,0,0,0,0,1,4,4,Angel Hernandez,"J.Beimel (4-47-W), M.Lincoln (2), D.Marte (2), R.Loiselle (2)"
82,85,83,83,Jul 5,@,CIN,"L,1-7",8.0,7,7,6,1,3,2,3,0,5.35,32,131,77,1.0,1.0,1,1,28,1,0,0,0,1,0,0,3,Randy Marsh,"D.Williams (4-60-L), D.Marte (0), O.Olivares (2)"
83,86,84,84,Jul 6,@,CHW,"W,10-6",9.0,13,6,6,0,6,6,0,0,5.36,42,149,86,3.0,2.0,2,1,36,2,0,0,0,0,0,3,3,Paul Emmel,"J.Anderson (4-24), J.Manzanillo (2-BW), S.Sauerbeck (2)"
84,87,85,85,Jul 7,@,CHW,"L,1-4",8.0,10,4,4,0,1,7,4,0,5.35,33,112,70,0.0,0.0,1,2,32,1,0,0,0,0,0,0,2,Ed Rapuano,"J.Schmidt (4-54-L), M.Lincoln (2)"
85,88,86,86,Jul 8,@,CHW,"L,2-9",8.0,12,9,5,4,0,6,3,0,5.35,36,105,79,0.0,0.0,0,0,36,1,1,0,0,0,1,1,2,Lance Barksdale,"T.Ritchie (4-31-L), M.Williams (4)"
86,89,87,87,Jul 12,,KCR,"W,2-0",9.0,6,0,0,0,0,4,0,0,5.29,32,103,67,1.0,0.0,0,0,32,0,0,0,0,0,0,1,2,Jerry Crawford,"J.Anderson (5-73-W), M.Williams (3-Sv)"
87,90,88,88,Jul 13,,KCR,"W,1-0",9.0,1,0,0,0,0,6,0,1,5.23,29,87,65,,,0,0,27,0,0,0,1,0,1,1,1,Brian Gorman,T.Ritchie (4-91-W)
88,91,89,89,Jul 14,,KCR,"L,4-7",9.0,12,7,7,0,3,1,1,2,5.25,43,131,83,0.0,0.0,0,0,35,3,1,1,1,2,0,0,3,Doug Eddings,"D.Williams (8-46-L), M.Lincoln (6), J.Manzanillo (7)"
89,92,90,90,Jul 15,,LAD,"L,2-4",9.0,7,4,2,2,0,8,1,0,5.21,35,123,85,0.0,0.0,0,0,34,1,0,0,0,1,2,0,2,Eric Cooper,"J.Schmidt (7-54-L), S.Sauerbeck (8)"
90,93,91,91,Jul 16,,LAD,"L,4-6",9.0,8,6,6,0,4,4,2,1,5.22,38,145,89,0.0,0.0,0,0,32,1,0,0,0,1,0,2,3,Ron Kulpa,"J.Beimel (11-33-L), O.Olivares (10), R.Loiselle (11)"
91,94,92,92,Jul 17,,LAD,"L,1-4",9.0,8,4,4,0,3,8,1,1,5.21,38,158,99,0.0,0.0,2,0,34,1,0,1,0,0,0,1,4,Mark Hirschbeck,"J.Anderson (4-38-L), M.Lincoln (2), J.Manzanillo (2), M.Williams (4)"
92,95,93,93,Jul 18,,CHC,"L,5-6",9.0,10,6,6,0,2,4,1,0,5.22,38,123,81,1.0,0.0,1,0,35,3,0,0,1,0,0,1,4,Dan Iassogna,"T.Ritchie (4-44), S.Sauerbeck (2), J.Manzanillo (0-H), M.Williams (0-BL)"
93,96,94,94,Jul 19,,CHC,"W,3-2",9.0,5,2,2,0,5,10,1,0,5.18,36,149,82,0.0,0.0,0,0,31,0,1,1,0,0,0,0,4,Marvin Hudson,"D.Williams (4-60), O.Olivares (2-W), S.Sauerbeck (0-H), M.Williams (0-Sv)"
94,97,95,95,Jul 20,@,STL,"W,4-1",9.0,2,1,1,0,4,8,0,1,5.14,34,142,86,2.0,1.0,0,0,29,1,0,0,0,0,0,0,3,Bill Miller,"J.Schmidt (4-78-W), S.Sauerbeck (0), J.Manzanillo (1-Sv)"
95,98,96,96,Jul 21,@,STL,"L,2-9",8.0,7,9,9,0,4,5,1,2,5.18,36,126,73,6.0,5.0,0,0,30,1,1,1,0,0,0,1,4,Tim Timmons,"J.Beimel (4-45-L), M.Lincoln (3), D.Marte (15), R.Loiselle (4)"
96,99,97,97,Jul 22,@,STL,"W,2-0",9.0,6,0,0,0,2,2,0,0,5.13,33,105,72,1.0,0.0,0,0,29,1,0,0,2,0,0,2,2,Terry Craft,"J.Anderson (4-68-W), M.Williams (2-Sv)"
97,100,98,98,Jul 24,@,CHC,"L,2-10",8.0,17,10,10,0,3,5,1,0,5.19,43,146,97,2.0,0.0,0,0,40,3,0,0,0,0,0,0,5,Rick Reed,"T.Ritchie (5-5-L), O.Olivares (4), D.Marte (2), M.Lincoln (2), J.Manzanillo (3)"
98,101,99,99,Jul 25,@,CHC,"L,5-6",8.0,8,6,6,0,4,8,0,0,5.2,34,126,74,3.0,3.0,0,1,27,3,1,1,1,2,0,1,3,Jim Wolf,"D.Williams (5-59-L), S.Sauerbeck (4), J.Manzanillo (0)"
99,102,100,100,Jul 26,,HOU,"L,2-3",9.0,6,3,3,0,1,10,1,1,5.18,31,108,72,0.0,0.0,0,1,27,0,0,0,2,0,0,0,2,Brian O'Nora,"J.Schmidt (5-65-L), J.Manzanillo (0)"
100,103,101,101,Jul 27,,HOU,"W,3-2",9.0,9,2,2,0,5,7,1,1,5.15,40,153,86,0.0,0.0,0,0,33,2,0,0,1,0,0,2,3,Bill Welke,"J.Beimel (5-51-W), M.Lincoln (2-H), M.Williams (4-Sv)"
101,104,102,102,Jul 28(1),,HOU,"W,9-8",9.0,12,8,8,0,4,5,3,0,5.17,42,129,77,0.0,0.0,0,1,37,1,0,1,1,0,0,0,2,John Hirschbeck,"B.Arroyo (37-49), O.Olivares (3-W)"
102,105,103,103,Jul 28(2),,HOU,"L,3-12",9.0,15,12,11,1,5,3,0,1,5.23,45,158,89,4.0,3.0,0,0,38,5,0,2,0,1,1,2,6,Chuck Meriwether,"J.Anderson (5-11-L), M.Wilkins (99), D.Marte (3), M.Lincoln (0), S.Sauerbeck (2), J.Manzanillo (1)"
103,106,104,104,Jul 29,,HOU,"W,4-1",9.0,6,1,0,1,0,7,0,0,5.18,33,108,73,1.0,0.0,1,0,33,1,0,0,0,0,1,1,2,Jay Klemm,"T.Ritchie (4-74-W), M.Williams (1-Sv)"
104,107,105,105,Jul 31,@,SFG,"L,7-8",10.2,16,8,8,0,5,8,1,2,5.2,53,176,105,4.0,2.0,1,0,45,5,2,1,1,0,0,3,5,Dana DeMuth,"D.Williams (5-26), M.Lincoln (2), J.Manzanillo (2), S.Sauerbeck (2), M.Wilkins (2-L)"
105,109,106,106,Aug 1,@,SFG,"L,1-3",8.0,7,3,2,1,3,3,1,0,5.17,34,129,76,2.0,0.0,2,1,30,2,0,0,1,0,1,0,2,Charlie Reliford,"J.Beimel (4-44-L), O.Olivares (3)"
106,110,107,107,Aug 2,@,SFG,"L,0-3",8.0,9,3,2,1,2,3,1,0,5.15,35,97,62,3.0,1.0,1,1,32,2,0,2,0,1,1,0,2,Kerwin Danley,"T.McKnight (4-45-L), M.Lincoln (1)"
107,111,108,108,Aug 3,@,COL,"L,7-12",8.0,15,12,12,0,3,8,1,2,5.22,43,141,90,1.0,0.0,2,0,37,4,0,0,0,1,0,1,4,Ron Barnes,"J.Anderson (5--9-L), D.Marte (5), J.Manzanillo (2), M.Fetters (5)"
108,112,109,109,Aug 4,@,COL,"W,6-3",9.0,10,3,3,0,1,3,1,0,5.2,35,114,77,1.0,1.0,0,0,34,2,1,0,0,0,0,2,2,Mike Winters,"T.Ritchie (5-54-W), M.Fetters (0)"
109,113,110,110,Aug 5,@,COL,"W,5-4",9.0,10,4,2,2,4,11,2,1,5.17,43,188,112,4.0,1.0,0,0,38,0,1,0,0,0,3,2,5,Ted Barrett,"D.Williams (4-48), M.Lincoln (2-W), S.Sauerbeck (4-H), O.Olivares (3-H), M.Fetters (0-Sv)"
110,114,111,111,Aug 7,,LAD,"L,1-2",9.0,9,2,2,0,1,1,1,0,5.14,35,103,66,0.0,0.0,0,0,34,2,0,1,0,0,1,1,2,Chris Guccione,"T.McKnight (4-56-L), M.Lincoln (1)"
111,115,112,112,Aug 8,,LAD,"L,4-9",9.0,13,9,8,1,2,4,2,1,5.17,42,120,75,0.0,0.0,1,0,38,2,0,0,0,1,1,2,4,Gerry Davis,"J.Anderson (4-32-L), M.Wilkins (7), O.Olivares (2), J.Manzanillo (4)"
112,116,113,113,Aug 9,,LAD,"W,8-5",9.0,11,5,4,1,4,8,0,0,5.15,42,153,95,4.0,0.0,0,0,38,2,0,0,0,0,1,1,5,Tim Tschida,"T.Ritchie (4-33-W), M.Lincoln (1-H), S.Sauerbeck (3-H), O.Olivares (0-H), M.Fetters (3-Sv)"
113,117,114,114,Aug 10,,SDP,"L,2-3",9.0,7,3,3,0,5,0,1,0,5.14,36,130,77,1.0,0.0,0,0,30,1,0,0,0,1,0,3,3,Richard Shulock,"D.Williams (4-34-L), D.Marte (6), M.Lincoln (0)"
114,118,115,115,Aug 11,,SDP,"L,2-6",9.0,12,6,3,3,4,3,1,0,5.12,40,155,94,2.0,1.0,0,1,36,3,0,1,0,0,1,0,4,Jim Reynolds,"J.Beimel (9-45-L), J.Manzanillo (2), S.Sauerbeck (1), O.Olivares (1)"
115,119,116,116,Aug 12,,SDP,"W,7-6",9.0,11,6,6,0,3,5,1,1,5.12,42,160,101,2.0,0.0,2,0,38,2,1,0,0,0,0,0,5,Ron Barnes,"T.McKnight (4-46), D.Marte (1), M.Lincoln (1), O.Olivares (0), J.Manzanillo (0-W)"
116,120,117,117,Aug 13,@,ARI,"L,0-3",8.0,5,3,3,0,3,5,2,0,5.11,32,137,77,2.0,0.0,2,0,29,0,0,0,0,0,1,1,3,Fieldin Culbreth,"J.Anderson (4-54-L), M.Wilkins (4), M.Fetters (3)"
117,121,118,118,Aug 14,@,ARI,"L,3-4",9.1,10,4,4,0,5,9,2,0,5.1,40,157,93,4.0,1.0,0,2,33,0,0,1,2,0,0,1,5,Dale Scott,"T.Ritchie (4-49), S.Sauerbeck (2), J.Manzanillo (1), D.Marte (1-L), M.Fetters (0)"
118,122,119,119,Aug 15,@,ARI,"L,2-5",8.0,7,5,5,0,3,3,2,1,5.1,34,123,69,0.0,0.0,0,1,30,3,0,1,0,0,0,0,2,Larry Young,"D.Williams (4-44-L), D.Marte (0)"
119,123,120,120,Aug 16,@,HOU,"L,3-4",8.0,10,4,4,0,5,1,0,1,5.1,39,127,74,2.0,0.0,0,0,33,3,0,0,0,0,1,2,2,Mike Reilly,"J.Beimel (4-34-L), O.Olivares (3)"
120,124,121,121,Aug 17,@,HOU,"L,5-6",8.0,12,6,4,2,2,5,2,0,5.09,37,118,74,0.0,0.0,0,0,34,3,1,0,0,1,1,0,2,Randy Marsh,"T.McKnight (4-36-L), B.Arroyo (19)"
121,125,122,122,Aug 18,@,HOU,"L,0-3",8.0,6,3,3,0,5,4,0,1,5.08,35,125,78,0.0,0.0,1,0,28,2,0,3,1,0,1,2,2,Hunter Wendelstedt,"J.Anderson (4-52-L), J.Manzanillo (3)"
122,126,123,123,Aug 19,@,HOU,"L,2-12",8.0,13,12,11,1,3,1,3,2,5.14,41,152,88,1.0,0.0,0,0,36,3,0,0,0,0,1,0,5,Jim Wolf,"T.Ritchie (4-14-L), O.Olivares (2), B.Arroyo (1), M.Fetters (4), S.Sauerbeck (4)"
123,127,124,124,Aug 21,,ARI,"W,4-2",9.0,2,2,2,0,7,8,0,0,5.11,36,139,82,2.0,0.0,0,0,27,1,0,0,1,1,0,0,5,Bruce Froemming,"D.Williams (5-59), J.Manzanillo (2), S.Sauerbeck (1), O.Olivares (1-W), M.Fetters (1-Sv)"
124,128,125,125,Aug 22,,ARI,"L,0-6",9.0,11,6,5,1,3,6,1,1,5.11,39,137,84,2.0,0.0,1,0,34,1,0,0,0,1,0,1,4,Jerry Meals,"J.Beimel (5-25-L), B.Arroyo (2), D.Marte (6), M.Wilkins (8)"
125,129,126,126,Aug 23,,ARI,"W,5-1",9.0,6,1,1,0,9,4,0,0,5.07,40,152,85,2.0,0.0,1,0,30,1,0,1,0,1,0,2,4,Mike Fichter,"T.McKnight (5-66-W), S.Sauerbeck (1), J.Manzanillo (1), M.Fetters (1-Sv)"
126,130,127,127,Aug 24,,HOU,"L,1-5",9.0,7,5,2,3,7,2,0,1,5.05,42,122,68,0.0,0.0,0,0,33,2,0,3,1,0,2,2,3,Lance Barksdale,"J.Anderson (5-45-L), O.Olivares (2), M.Wilkins (1)"
127,131,128,128,Aug 25,,HOU,"W,8-2",9.0,10,2,2,0,2,7,1,0,5.03,38,120,81,1.0,0.0,0,0,35,0,0,0,0,1,0,1,2,Rick Reed,"T.Ritchie (5-61-W), J.Manzanillo (1)"
128,132,129,129,Aug 26,,HOU,"L,1-3",9.0,6,3,2,1,6,4,0,0,5.0,37,152,91,3.0,0.0,0,2,31,3,0,2,0,0,1,0,3,Dave Phillips,"D.Williams (4-52-L), O.Olivares (1), M.Wilkins (1)"
129,133,130,130,Aug 27,@,MIL,"L,5-12",8.0,12,12,11,1,6,6,4,0,5.05,42,140,80,5.0,4.0,0,0,36,3,0,2,0,0,0,0,4,Greg Gibson,"J.Beimel (4-25-L), B.Arroyo (4), D.Marte (4), M.Fetters (3)"
130,134,131,131,Aug 28,@,MIL,"W,6-5",9.0,11,5,5,0,3,7,1,0,5.05,41,137,87,0.0,0.0,1,0,36,1,0,1,1,1,0,0,4,Dana DeMuth,"T.McKnight (4-39), S.Sauerbeck (4-W), J.Manzanillo (2-H), M.Fetters (0-Sv)"
131,135,132,132,Aug 29,@,MIL,"L,8-9",8.0,11,9,9,0,5,5,0,1,5.09,39,157,91,3.0,3.0,1,0,32,4,0,0,0,1,0,2,4,Charlie Reliford,"J.Anderson (4-8-L), M.Lincoln (16), M.Wilkins (2), J.Manzanillo (0)"
132,136,133,133,Aug 31,@,CIN,"L,3-11",8.0,12,11,10,1,4,8,2,1,5.13,42,151,95,3.0,3.0,2,0,37,3,1,2,0,0,2,0,4,Mark Hirschbeck,"T.Ritchie (5-16-L), D.Marte (3), M.Lincoln (1), J.Beimel (3)"
133,138,134,134,Sep 1,@,CIN,"W,7-0",9.0,5,0,0,0,1,9,0,0,5.09,33,111,71,1.0,0.0,0,0,32,2,0,0,0,0,0,0,4,Ron Kulpa,"D.Williams (5-73-W), S.Sauerbeck (3-H), J.Manzanillo (2), O.Olivares (5)"
134,139,135,135,Sep 2,@,CIN,"L,6-8",8.0,14,8,8,0,2,5,2,1,5.12,40,134,88,3.0,3.0,0,0,37,4,0,0,0,0,0,0,4,Wally Bell,"T.McKnight (4-36), S.Sauerbeck (0-BSv), M.Lincoln (1-BL), J.Beimel (1)"
135,140,136,136,Sep 3(1),,MIL,"L,7-12",9.0,11,12,10,2,8,9,2,0,5.15,46,182,101,2.0,2.0,2,0,38,2,0,2,0,0,0,0,4,Gary Cederstrom,"R.Vogelsong (41-24-L), J.Beimel (0), D.Marte (2), J.Manzanillo (1)"
136,141,137,137,Sep 3(2),,MIL,"W,3-2",9.0,6,2,2,0,5,4,0,1,5.13,37,138,85,0.0,0.0,1,0,30,1,0,0,1,0,0,1,4,Marvin Hudson,"J.Anderson (4-65), O.Olivares (1-H), S.Sauerbeck (0-H), M.Fetters (5-BW)"
137,142,138,138,Sep 4,,MIL,"W,5-2",9.0,6,2,2,0,6,4,2,1,5.11,38,138,83,0.0,0.0,0,0,31,2,0,0,0,0,0,2,4,Dan Iassogna,"B.Arroyo (7-48-W), M.Lincoln (1-H), S.Sauerbeck (0-H), M.Fetters (0-Sv)"
138,143,139,139,Sep 5,,MIL,"W,5-1",9.0,3,1,1,0,0,8,0,0,5.08,31,107,77,,,0,0,31,0,1,0,0,0,1,0,1,Tim Welke,T.Ritchie (4-85-W)
139,144,140,140,Sep 6,,CIN,"L,6-8",9.0,10,8,5,3,4,6,0,0,5.08,41,155,94,5.0,1.0,1,0,35,2,0,1,1,1,1,0,5,Mike Everitt,"D.Williams (4-32), J.Beimel (2), R.Loiselle (46-L), J.Manzanillo (2), S.Sauerbeck (1)"
140,145,141,141,Sep 7,,CIN,"W,3-1",9.0,7,1,1,0,0,7,0,0,5.05,35,112,81,1.0,0.0,0,0,35,0,0,0,0,0,0,0,3,Richard Shulock,"T.McKnight (4-64-W), S.Sauerbeck (0-H), O.Olivares (3-Sv)"
141,146,142,142,Sep 8,,CIN,"W,5-2",9.0,9,2,2,0,0,2,0,2,5.02,37,117,76,,,0,1,35,1,0,0,0,0,1,1,1,Jim Reynolds,J.Anderson (4-63-W)
142,147,143,143,Sep 9,,CIN,"L,3-5",9.0,8,5,5,0,3,10,0,0,5.02,38,144,96,2.0,0.0,0,0,35,7,0,0,0,0,0,0,6,Jeff Nelson,"R.Vogelsong (5-39-L), J.Beimel (2), D.Marte (5), M.Lincoln (4), M.Fetters (4), J.Manzanillo (2)"
143,148,144,144,Sep 17,,NYM,"L,1-4",9.0,6,4,4,0,3,9,0,2,5.02,37,148,90,1.0,0.0,2,0,32,2,0,1,0,0,0,0,5,Ed Rapuano,"T.Ritchie (11-58), J.Manzanillo (7), S.Sauerbeck (9), M.Fetters (7-L), J.Beimel (7)"
144,149,145,145,Sep 18,,NYM,"L,5-7",9.0,10,7,7,0,5,5,4,0,5.03,39,146,90,4.0,1.0,1,1,34,2,0,0,0,0,0,1,5,Paul Emmel,"D.Williams (11-47), M.Lincoln (8-H), S.Sauerbeck (0-H), O.Olivares (10-BL), R.Loiselle (11)"
145,150,146,146,Sep 19,,NYM,"L,2-9",9.0,15,9,7,2,1,3,3,0,5.04,41,157,103,0.0,0.0,1,1,40,2,0,0,0,0,0,2,3,Jim Wolf,"T.McKnight (11-33-L), M.Lincoln (0), R.Loiselle (0)"
146,151,147,147,Sep 20,,STL,"L,1-9",9.0,11,9,7,2,5,8,1,2,5.06,44,150,88,3.0,2.0,2,1,35,4,0,1,1,1,1,1,3,Doug Eddings,"J.Anderson (11-31-L), J.Manzanillo (2), D.Marte (10)"
147,152,148,148,Sep 21,,STL,"L,5-9",9.0,13,9,8,1,2,9,1,0,5.08,42,164,101,1.0,1.0,1,0,39,4,1,1,1,0,1,1,5,Eric Cooper,"B.Arroyo (16-43), M.Lincoln (1), S.Sauerbeck (2), M.Fetters (3), O.Olivares (2-L)"
148,153,149,149,Sep 22,,STL,"L,1-4",9.0,10,4,4,0,3,4,0,0,5.07,41,136,81,3.0,0.0,2,0,37,2,0,1,1,0,0,0,3,Jerry Crawford,"T.Ritchie (4-43-L), J.Manzanillo (1), S.Sauerbeck (0)"
149,154,150,150,Sep 23,,STL,"W,2-1",9.0,4,1,1,0,3,5,1,1,5.04,34,108,68,2.0,0.0,0,0,30,0,0,0,0,0,0,1,3,Brian Gorman,"D.Williams (4-66-W), S.Sauerbeck (0-H), J.Manzanillo (0-Sv)"
150,155,151,151,Sep 24,,CHC,"W,7-6",9.0,10,6,6,0,3,9,2,1,5.05,40,165,96,5.0,1.0,0,0,35,0,0,1,1,0,0,1,6,Ted Barrett,"T.McKnight (4-30), J.Beimel (6), O.Olivares (2), D.Marte (3), M.Lincoln (2-W), R.Loiselle (4-Sv)"
151,156,152,152,Sep 25,,CHC,"W,13-1",9.0,6,1,1,0,1,0,0,0,5.02,33,111,74,0.0,0.0,0,0,32,0,0,0,0,0,1,2,3,Alfonso Marquez,"J.Anderson (4-60-W), M.Fetters (3), O.Olivares (0)"
152,157,153,153,Sep 26,,CHC,"L,4-8",9.0,13,8,8,0,7,3,0,0,5.04,46,144,80,0.0,0.0,0,0,37,4,0,4,1,1,0,1,5,Steve Rippley,"B.Arroyo (4-39-L), J.Beimel (1), D.Marte (1), S.Sauerbeck (2), J.Manzanillo (2)"
153,158,154,154,Sep 28,@,STL,"L,3-14",8.0,15,14,11,3,8,4,1,0,5.09,45,162,92,0.0,0.0,0,0,35,6,0,1,1,1,2,2,4,Joe Brinkman,"T.Ritchie (5-27-L), D.Marte (1), M.Lincoln (3), O.Olivares (2)"
154,159,155,155,Sep 29,@,STL,"L,0-2",8.0,3,2,2,0,1,5,1,1,5.07,29,87,55,0.0,0.0,0,1,26,1,0,0,0,1,1,0,2,Laz Diaz,"D.Williams (5-65-L), J.Manzanillo (2)"
155,160,156,156,Sep 30,@,STL,"L,3-7",8.0,9,7,7,0,7,1,1,0,5.09,38,124,62,2.0,2.0,4,0,29,1,1,2,1,1,0,2,5,Derryl Cousins,"T.McKnight (5-38-L), J.Beimel (3), J.Manzanillo (0), M.Fetters (4), R.Loiselle (5)"
156,161,157,157,Oct 1,@,NYM,"W,5-1",9.0,5,1,1,0,3,3,0,0,5.06,34,128,72,2.0,0.0,0,0,31,3,0,1,0,0,1,2,3,Brian O'Nora,"J.Anderson (5-71-W), R.Loiselle (0), S.Sauerbeck (4-Sv)"
157,162,158,158,Oct 2,@,NYM,"W,10-1",9.0,5,1,1,0,3,3,1,0,5.03,34,114,74,,,0,0,31,3,0,0,0,0,0,1,1,Fieldin Culbreth,B.Arroyo (5-73-W)
158,163,159,159,Oct 3,@,NYM,"L,0-3",8.0,5,3,3,0,1,6,2,0,5.02,30,114,68,0.0,0.0,0,0,28,0,0,0,0,1,0,0,2,Larry Young,"T.Ritchie (4-59-L), S.Sauerbeck (1)"
159,164,160,160,Oct 5,@,CHC,"W,3-2",9.0,6,2,2,0,3,4,1,0,5.0,34,120,72,1.0,1.0,0,0,30,3,0,1,1,0,0,2,4,CB Bucknor,"D.Williams (5-49), J.Beimel (4-W), S.Sauerbeck (1-H), M.Fetters (4-Sv)"
160,165,161,161,Oct 6,@,CHC,"L,2-13",8.0,16,13,13,0,3,9,4,1,5.06,44,172,104,1.0,0.0,0,0,38,1,1,0,1,1,1,1,6,Mike Reilly,"T.McKnight (5-30-L), D.Marte (7), R.Loiselle (4), J.Manzanillo (5), S.Sauerbeck (0), M.Lincoln (7)"
161,166,162,162,Oct 7,@,CHC,"W,4-3",9.0,9,3,3,0,0,4,1,0,5.05,34,96,61,0.0,0.0,1,1,34,0,1,0,0,0,0,0,4,Brian Runge,"J.Anderson (5-51), J.Beimel (1-W), M.Lincoln (0-H), M.Fetters (1-Sv)"
